title,company,location,link
Python Developer Anywhere,Santex Group,United States,https://www.indeed.com/viewjob?jk=040f2c487a3dd6d3
"Trainee, Deloitte Cyber Career Accelerator Program",Deloitte,"Atlanta, GA 30303 (Downtown area)+19 locations",https://www.indeed.com/viewjob?jk=a1e8e8f7bd4c3ea1
Python Backend Engineer,Potato London Ltd,"San Francisco, CA",https://www.indeed.com/viewjob?jk=43a7c98bbd0875ed
Junior software engineer,Agile Onboarding,North Carolina,https://www.indeed.com/viewjob?jk=5b47844c570e4c65
"Software Developer (Go, Python, C#, or Rust)","Chameleon Consulting Group, LLC",Remote+2 locations,https://www.indeed.com/viewjob?jk=0dafbc3291a4f4d9
Associate Software Developer — Multiple Openings,Wexler Technical Solutions,Remote,https://www.indeed.com/viewjob?jk=9167e02b128e7865
Cybersecurity Apprentice,IBM,"Research Triangle Park, NC 27709",https://www.indeed.com/viewjob?jk=39f141f6bd6d7252
Python Alteryx Developer,"JPMorgan Chase Bank, N.A.","Jersey City, NJ+34 locations",https://www.indeed.com/viewjob?jk=d1e927322d38af4f
Junior Python Developer,GTS,"New York, NY 10022 (Midtown area)",https://www.indeed.com/viewjob?jk=71acc67a281f6038
PYTHON DEVELOPER,Pythonwise,"Seattle, WA",https://www.indeed.com/viewjob?jk=1a20a1c56fb7df73
AI engineer,Sticker Mule,Remote,https://www.indeed.com/viewjob?jk=ff5307e29c1967f0
Part-Time Student-Software/Data Engineering-Remote,John Deere,"Remote in Moline, IL+12 locations",https://www.indeed.com/viewjob?jk=bc1bd3065e88e4b6
Junior Data Scientist Apprentice,IBM,"New York, NY 10001 (Chelsea area)",https://www.indeed.com/viewjob?jk=40af8feeac4a6e5a
Frontend Developer,GRANDMETRIC,"Remote in Lewes, DE",https://www.indeed.com/viewjob?jk=54ef719bf85bfcce
Software Engineers & Web Developers,1DocWay,"New York, NY",https://www.indeed.com/viewjob?jk=597b9830f39b5420
Python Developer,Saraca Solutions,"Harrisburg, PA",https://www.indeed.com/viewjob?jk=7a7f0d6cdbec9856
Python Developer,Nexient,Hybrid remote in United States+1 location,https://www.indeed.com/viewjob?jk=89bdb56d285b955b
Software Engineer -Python,"JPMorgan Chase Bank, N.A.","Jersey City, NJ+121 locations",https://www.indeed.com/viewjob?jk=8d627bd066dd1c7b
Fully Remote DevOps Engineer,Piper Companies,+8 locationsRemote,https://www.indeed.com/viewjob?jk=d67d9d0364b2e0d5
Python Developer,Paktolus,Remote,https://www.indeed.com/viewjob?jk=df1cce3cc988f374
H1B Processing For Niche IT Professionals,Globex Digital Solutions,United States,https://www.indeed.com/viewjob?jk=f241b596ddbff834
"Data Engineer (Open to remote work, except the following loc...",Converse,"Remote in Boston, MA",https://www.indeed.com/viewjob?jk=f59aef6085566bb4
AWS Cloud Computing Specialist + Apprentice,New Apprenticeship,"Remote in Raleigh, NC+3 locations",https://www.indeed.com/viewjob?jk=f8eb270c75032f92
Python Developer,Capgemini,"New York, NY+9 locations",https://www.indeed.com/viewjob?jk=a0c69a4cf04a5947
Python Developer,JBS Custom Software Solutions,"Chadds Ford, PA 19317+1 location",https://www.indeed.com/viewjob?jk=c5a706c58ade33fb
Software Engineer Apprentice (Salesforce),IBM,"San Francisco, CA+18 locations",https://www.indeed.com/viewjob?jk=9ff781d70cc27436
Backend Engineer - Ride Experience (Python),Tier Mobility GmbH,+3 locationsRemote,https://www.indeed.com/viewjob?jk=c9a2cab17565ccb5
Helpdesk Support Specialist (Temp to Hire),United States Fund for UNICEF,"New York, NY",https://www.indeed.com/viewjob?jk=9aef116076daf429
Python/SQL Developer,IDM People,"Township of Hamilton, NJ 08619",https://www.indeed.com/viewjob?jk=967a405ee33c49d4
Python Developer,Fults & Associates,"Grapevine, TX",https://www.indeed.com/viewjob?jk=724d43dd753723a7
Python Developer,Deloitte,"Atlanta, GA 30303 (Downtown area)+126 locations",https://www.indeed.com/viewjob?jk=9987fbaca1ec813e
MongoDB Database Engineer (work from home),Cigna,"Temporarily Remote in St. Louis, MO",https://www.indeed.com/viewjob?jk=d65bb194a38fa679
BI Reporting Specialist,Coterie Insurance,Remote,https://www.indeed.com/viewjob?jk=e2b72a47a9b5a696
Security Engineer - 2022 (United States),Amazon.com Services LLC,"Seattle, WA+126 locations",https://www.indeed.com/viewjob?jk=2a27ed93cc7c1e34
Python Developer :: 3 Months Contract to Hire :: Remote Role,Agama Solutions,"Remote in San Francisco, CA+1 location",https://www.indeed.com/viewjob?jk=f6a64372a5851eec
Python Developer / AWS Developer,CriticalRiver Inc.,"San Francisco, CA",https://www.indeed.com/viewjob?jk=3478661616ee2464
Junior Data Scientist,SmartAsset,Remote in New York State,https://www.indeed.com/viewjob?jk=c70cc850f2499b73
Software Engineer Apprentice,wepay,"Redwood City, CA 94063 (Downtown area)+1 location",https://www.indeed.com/viewjob?jk=4d532361313682c1
Software Developer,Booz Allen Hamilton,"Remote in Charleston, SC+44 locations",https://www.indeed.com/viewjob?jk=7dcbe3a071ed59a5
Python Developer,Haneke Design,"Tampa, FL",https://www.indeed.com/viewjob?jk=542b21736b6bca61
"Software Quality Engineer, Apple Pay",Apple,"Cupertino, CA+76 locations",https://www.indeed.com/viewjob?jk=27c051ca06f2ab94
Junior Data Scientist,ClimateAI,"Remote in San Francisco Bay Area, CA",https://www.indeed.com/viewjob?jk=208e4a8da03909d7
Python Developer,Piper Companies,"Remote in Columbia, MD+2 locations",https://www.indeed.com/viewjob?jk=fb7478cb54b818b6
Junior Programmer Analyst,Samford University,"Birmingham, AL 35229",https://www.indeed.com/viewjob?jk=8ff146c1312e051b
Python Developer,Financial Information Technologies LLC,"Tampa, FL 33607",https://www.indeed.com/viewjob?jk=1869997427ff9bfc
Software Engineer II -Python - eCommerce,Outside Online,"Remote in Boulder, CO",https://www.indeed.com/viewjob?jk=9262dc0f57d60097
Python Developer,Go8IT,"Plainsboro, NJ",https://www.indeed.com/viewjob?jk=b25f5371291321ec
Entry Level DevOps Engineer: 2022,IBM,"Research Triangle Park, NC 27709",https://www.indeed.com/viewjob?jk=547c0d34d4d64307
Analyst,Avalanche,Temporarily Remote,https://www.indeed.com/viewjob?jk=66002443ccbc5ef4
DATA ENGINEER - PYTHON,InspiHER Tech,Remote,https://www.indeed.com/viewjob?jk=3eb413ec2cc83e4c
Junior Security Analyst,DeepSurface Security,"Portland, OR",https://www.indeed.com/viewjob?jk=5f9da561afaec06f
Python Developer,Haneke Design,"Tampa, FL",https://www.indeed.com/viewjob?jk=542b21736b6bca61
Python Developer,Go8IT,"Plainsboro, NJ",https://www.indeed.com/viewjob?jk=b25f5371291321ec
Database Administration Senior Advisor - PostgreSQL (work fr...,Cigna,"Remote in Hartford, CT+7 locations",https://www.indeed.com/viewjob?jk=8ba8827de760deb7
Geographer,Expedia Group,"Seattle, WA 98119 (Queen Anne area)+1 location",https://www.indeed.com/viewjob?jk=559fb4c2afa71ed7
Cyber Security Analyst Apprentice,IBM,West Virginia+6 locations,https://www.indeed.com/viewjob?jk=b0b3543dba39f794
Pyspark/Python Developer,TRA'BIAN ENTERPRISES,Temporarily Remote,https://www.indeed.com/viewjob?jk=2e3e5bc6bb0f298a
Data Scientist,"Zipcar, Inc.","Boston, MA 02210 (South Boston area)",https://www.indeed.com/viewjob?jk=b2278d9eae56e35b
PYTHON DEVELOPER,Nextshift,"Raritan, NJ",https://www.indeed.com/viewjob?jk=1ad4e031a54894fe
Junior Software Developer,UDC,"Hybrid remote in Englewood, CO",https://www.indeed.com/viewjob?jk=d091ab2e9236276a
DATA ENGINEER - PYTHON,InspiHER Tech,Remote,https://www.indeed.com/viewjob?jk=3eb413ec2cc83e4c
Junior Penetration Tester,GRANDMETRIC,"Hybrid remote in Lewes, DE",https://www.indeed.com/viewjob?jk=3d937ae79dbca833
Data Analyst,Remote Global,Remote in Texas,https://www.indeed.com/viewjob?jk=9b08d24daa9504c5
Junior Back End Engineer (Remote),SIRCLO,+3 locationsRemote,https://www.indeed.com/viewjob?jk=6c16aee1774ef627
Software Engineer II -Python - eCommerce,Outside Online,"Remote in Boulder, CO",https://www.indeed.com/viewjob?jk=9262dc0f57d60097
Network/Python Engineer,John Deere,"Hybrid remote in Moline, IL",https://www.indeed.com/viewjob?jk=84aa439cd1d0ee86
Middleware Engineer,Mutual of Omaha,Remote,https://www.indeed.com/viewjob?jk=90e88b11d3a03f5b
Backend Developer,GRANDMETRIC,"Remote in Lewes, DE",https://www.indeed.com/viewjob?jk=86e7798edfcbaef1
Analyste/Spécialiste,Canadian National Railway,"Homewood, IL",https://www.indeed.com/viewjob?jk=dd6fa01d514b12e4
Python Developer (100% Remote),Denken Solutions Inc,Remote,https://www.indeed.com/viewjob?jk=50247303a7c7f7c8
Data /Software Engineers,Ars Quanta,"Seattle, WA",https://www.indeed.com/viewjob?jk=f91a8f3f47d8b66e
Python Developer,Charles Schwab,"Phoenix, AZ 85016 (Camelback East area)+1 location",https://www.indeed.com/viewjob?jk=1a75aac6687213ad
Python Developer,InfoTrust,Remote in Ohio,https://www.indeed.com/viewjob?jk=8c1981e2ae281083
Cloud Automation Developer - Python / Ruby,Oracle,"Broomfield, CO 80021 (Interlocken area)+19 locations",https://www.indeed.com/viewjob?jk=19da4c6e30875134
Associate CAD Equipment and Tooling Designer,BOEING,"Sylmar, CA+1 location",https://www.indeed.com/viewjob?jk=bd7d9df7b1936efc
Python Developer,Alertus,"Fort Lauderdale, FL 33315 (Fort Lauderdale-Hollywood International Airport area)+1 location",https://www.indeed.com/viewjob?jk=02fe256ae470100c
Python Developer,Stier Solutions,"Westlake Village, CA 91361",https://www.indeed.com/viewjob?jk=b2de55596c3a1f9e
Python Developer,Pinnacle Group,"Houston, TX 77070+4 locations",https://www.indeed.com/viewjob?jk=30c49947ed4e91e8
Software Developer I - Python,Vertical Knowledge,"Chagrin Falls, OH",https://www.indeed.com/viewjob?jk=90a11aceb9737c14
Data Engineer,Nashville Soccer Club,"Nashville, TN",https://www.indeed.com/viewjob?jk=f35b2cce60849b3e
Remote QA Automation Engineer,Piper Companies,Remote,https://www.indeed.com/viewjob?jk=08e0401fe147197f
Junior Software Engineer (Remote),WhyHotel,Remote,https://www.indeed.com/viewjob?jk=39c493db6fc5db9c
Python Developer,Highbrow-Tech,Remote+3 locations,https://www.indeed.com/viewjob?jk=cb7d5b960834efbf
"Network Engineer, Security",Google,"Hybrid remote in Sunnyvale, CA+1 location",https://www.indeed.com/viewjob?jk=1952a1def8146a6b
Data Engineer,Talkiatry,Remote,https://www.indeed.com/viewjob?jk=67117fbee61b6bd2
Quantum Engineer entry level,IBM,"Yorktown Heights, NY",https://www.indeed.com/viewjob?jk=4236641d224a821e
Data Analyst,Samaritan Ministries International,+1 locationRemote,https://www.indeed.com/viewjob?jk=ac1e4574f44d3c47
Junior Quantitative Trader,Valkyrie Trading,"Chicago, IL 60605 (The Loop area)",https://www.indeed.com/viewjob?jk=e4a6d82186f52f1a
Data Engineer,Amazon.com Services LLC,Remote+126 locations,https://www.indeed.com/viewjob?jk=460cce461bec5669
Research Analyst: Summer 2022 Start Date,Resources for the Future (RFF),"Washington, DC 20036 (Downtown area)+1 location",https://www.indeed.com/viewjob?jk=2f6d642f0878ae6f
Business Intelligence Analyst,Adobe,"Lehi, UT 84043+1 location",https://www.indeed.com/viewjob?jk=dbf5d9d52c50e331
Junior Security Researcher,Github,Remote,https://www.indeed.com/viewjob?jk=2af7dc30cf4dcdb0
Software Engineer (PHP/Python),Catchpoint,Remote,https://www.indeed.com/viewjob?jk=e06b448fecf5553d
Data Analyst,Doximity,Remote in New York State+1 location,https://www.indeed.com/viewjob?jk=5ead9418435148ff
Summer Quantitative Associate Program 2022,The Rock Creek Group,"Washington, DC 20036 (Downtown area)",https://www.indeed.com/viewjob?jk=869fdf8eb256af97
Middle/Senior Python Developer,ScienceSoft USA Corporation,"McKinney, TX 75070",https://www.indeed.com/viewjob?jk=483f2eac5b38d2e8
Support Data Analyst (Python),ATP,Remote,https://www.indeed.com/viewjob?jk=5e7ad6364ab67e06
"Database Administrator (Remote, USA)",Intelerad,Remote,https://www.indeed.com/viewjob?jk=ff1e5e6b7abf81d0
Data Analyst,Siemens Gamesa Renewable Energy,"Orlando, FL",https://www.indeed.com/viewjob?jk=229023e823a29fe3
Analyst- Equity Structuring Desk,Bank of America,"New York, NY",https://www.indeed.com/viewjob?jk=723b4cc38cccf404
Python Developer,Tektree,United States,https://www.indeed.com/viewjob?jk=1b988418c52befe0
Junior Credit Analyst,Janus Henderson,"Hybrid remote in Denver, CO",https://www.indeed.com/viewjob?jk=1fa1ce5f865cc547
"Author, Software Development (Python) - Remote",Pluralsight,Remote in Utah+6 locations,https://www.indeed.com/viewjob?jk=04e4e85e93a52ec2
Data Analyst,"Remote Technology, Inc.",Remote in United States,https://www.indeed.com/viewjob?jk=c2274103d6118366
Database Administrator,Intel,"Santa Clara, CA 95052",https://www.indeed.com/viewjob?jk=ae25b5ae0f3c1969
PYTHON LIBRARY DEVELOPERS [MACHINE LEARNING],Big Apple Information Systems,"White Plains, NY 10606",https://www.indeed.com/viewjob?jk=6269be3f9d6b811b
Software Developer 1,University of Connecticut,"Storrs, CT 06269",https://www.indeed.com/viewjob?jk=824ebafc3c27d121
"Research Scientist, Fitbit",Fitbit,"San Francisco, CA 94105 (Financial District/South Beach area)+1 location",https://www.indeed.com/viewjob?jk=72e832d2bfa4b176
Audio Visual Engineer,Blizzard Entertainment,"Irvine, CA 92618",https://www.indeed.com/viewjob?jk=9973deb0dffeb227
Python Flask Developer,Fujitsu,"Cambridge, MA+4 locations",https://www.indeed.com/viewjob?jk=5aee10770bc6909c
Python Engineer,Arcade,Remote,https://www.indeed.com/viewjob?jk=3148f210fbfb6522
Cloud Engineer - IBM Garage - Summit 2022,IBM,"New York, NY 10001 (Chelsea area)+10 locations",https://www.indeed.com/viewjob?jk=eef3e4c10d979c1e
Python/SQL Data Analyst,Capgemini,"Bristol, CT+2 locations",https://www.indeed.com/viewjob?jk=6fcffe2a8090f4af
Early Career Software Engineer,"Upstart Network, Inc.",+2 locationsRemote,https://www.indeed.com/viewjob?jk=bea7ef34e9346088
Python Developer,Convazant,"Sunnyvale, CA+2 locations",https://www.indeed.com/viewjob?jk=3bd86e0ab712b364
"Associate, YouTube",YouTube,"New York, NY+3 locations",https://www.indeed.com/viewjob?jk=a19d5d6e71bffeee
Junior Strong/Middle QA Engineer,AgiliWay,United States,https://www.indeed.com/viewjob?jk=b2dcf6a1b58151f5
Data Analyst,Orlando City SC,"Kissimmee, FL",https://www.indeed.com/viewjob?jk=de71d2fbb8ea079d
Data Scientist,Toyota,"Saline, MI 48176+4 locations",https://www.indeed.com/viewjob?jk=7a10a2dd1a95e867
Entry / Mid Level Python Developer,Rush Order,"Gilroy, CA 95020",https://www.indeed.com/viewjob?jk=819b16509e3abcc5
PhD Residency - Photonics Simulation Resident,Loon,"Mountain View, CA",https://www.indeed.com/viewjob?jk=8ac351f819ea5849
Software Engineer,ANDURIL INDUSTRIES,"Seattle, WA+6 locations",https://www.indeed.com/viewjob?jk=e4008445e64298e3
Postdoctoral Fellow,University of South Carolina,"Columbia, SC 29208",https://www.indeed.com/viewjob?jk=c8b82f89c2b04b76
Python Developer,Syneos Health Clinical,Remote,https://www.indeed.com/viewjob?jk=f0ba106625f0f2b8
Fully Remote Data Scientist,Piper Companies,+1 locationRemote,https://www.indeed.com/viewjob?jk=663b37e9782c79b8
Data Scientist - Analytics,Acorn Analytics,+1 locationRemote,https://www.indeed.com/viewjob?jk=ab21c93fcc0e9d95
Jr. QA Analyst Trainee,SQA²,"Los Alamitos, CA",https://www.indeed.com/viewjob?jk=e4692123ef997d25
Data Engineer (AWS / Glue / Snowflake),Mutual of Omaha,+2 locationsRemote,https://www.indeed.com/viewjob?jk=ca73110a967732da
Data Analyst - Remote,Cover,Remote,https://www.indeed.com/viewjob?jk=32333740c0e50018
"Data Scientist, Spotify Advertising",Spotify,Remote in Oregon+23 locations,https://www.indeed.com/viewjob?jk=cf1dfad66649138a
Junior Engineer,wpromote,Remote,https://www.indeed.com/viewjob?jk=21ebe479a0b1ab2e
"UX Engineer, Front End, Early Career",Google,"San Francisco, CA+1 location",https://www.indeed.com/viewjob?jk=bce1cc9db3680333
Python Developer,Novogradac & Company,"Bethesda, MD 20814 (Pearl District area)+5 locations",https://www.indeed.com/viewjob?jk=d6a5a0f51f92751a
Python Developer-Reactjs,"SmarTek21, LLC",Remote,https://www.indeed.com/viewjob?jk=034026350a31dc8e
QA Analytics Engineer- 100% Remote,Piper Companies,+2 locationsRemote,https://www.indeed.com/viewjob?jk=cd551cdcca121862
Data Analyst,Boulevard,Remote,https://www.indeed.com/viewjob?jk=c9a9a2e3f9d28cbb
Python Developer,Yakshna Solutions,"Herndon, VA 20170",https://www.indeed.com/viewjob?jk=ae023be656f9ac53
Biomechanical Engineer,Boston Red Sox,Remote,https://www.indeed.com/viewjob?jk=eb77b0df8feab910
Data Analyst,Voodoo,"Remote in Berlin, OR+1 location",https://www.indeed.com/viewjob?jk=eb3fa22299c70c0b
Python Developer,Snap IT Solutions,"Houston, TX 77099 (Alief area)",https://www.indeed.com/viewjob?jk=0e10fe734c597c75
University Grad Software Engineer (USA),Pinterest,"Seattle, WA 98101 (Denny Triangle area)+6 locations",https://www.indeed.com/viewjob?jk=88cfddd4b66f1eb6
Content Creator,LeetCode,Remote,https://www.indeed.com/viewjob?jk=e94af63cb41ad9b5
Junior DevOps Engineer,Code Willing,"New Orleans, LA+2 locations",https://www.indeed.com/viewjob?jk=6323d12778745687
Analytics Fellow,Booz Allen Hamilton,"Annapolis Junction, MD 20701",https://www.indeed.com/viewjob?jk=b4015bf581a1ef62
Python Developer,Infosys,+17 locationsRemote,https://www.indeed.com/viewjob?jk=6ea972f4ef659ab9
Jr Python Developer,Moody's,"Charlotte, NC 28201 (Myers Park area)+8 locations",https://www.indeed.com/viewjob?jk=9a19c6261d4fde13
"Junior Python Developer, Analyst",BlackRock,"Atlanta, GA 30326 (Buckhead area)+11 locations",https://www.indeed.com/viewjob?jk=82a929f5335ba147
RESEARCH ANALYST,NYC Careers,"Manhattan, NY+1 location",https://www.indeed.com/viewjob?jk=73f3e572d08539e8
Entry Level Data Analyst,FieldLevel,Remote in California,https://www.indeed.com/viewjob?jk=f7a086d756a6fb76
Post Doctoral,New Mexico State University,"Las Cruces, NM",https://www.indeed.com/viewjob?jk=85543a7bf7e1ee78
"Junior Python Developer, Analyst",BlackRock,"Atlanta, GA 30326 (Buckhead area)+11 locations",https://www.indeed.com/viewjob?jk=82a929f5335ba147
RESEARCH ANALYST,NYC Careers,"Manhattan, NY+1 location",https://www.indeed.com/viewjob?jk=73f3e572d08539e8
Entry Level Data Analyst,FieldLevel,Remote in California,https://www.indeed.com/viewjob?jk=f7a086d756a6fb76
Post Doctoral,New Mexico State University,"Las Cruces, NM",https://www.indeed.com/viewjob?jk=85543a7bf7e1ee78
Data Analyst,Teachable,Hybrid remote,https://www.indeed.com/viewjob?jk=2b24fb732192fdd5
Python Developer,Equifax,"Atlanta, GA 30309 (Midtown area)+1 location",https://www.indeed.com/viewjob?jk=7f52d67e438870f1
Software Engineers,Data Sys IT,"Remote in Grapevine, TX",https://www.indeed.com/viewjob?jk=d6c1cb9bde3c5a0c
"Systems Administrator, Chrome Labs",Google,"Hybrid remote in San Francisco, CA+5 locations",https://www.indeed.com/viewjob?jk=4a10737a25405ed9
PYTHON DEVELOPER,OC10,"Charlotte, NC 28202 (Downtown Charlotte area)",https://www.indeed.com/viewjob?jk=f26b8209c93fdd28
Data Engineer,Community Tech Alliance,Remote,https://www.indeed.com/viewjob?jk=d64593b00a1e6f46
It Help Desk,InfoTrust,Ohio,https://www.indeed.com/viewjob?jk=b04c27b62aa8c81e
Postgres Database Engineer,Apple,"Austin, TX+2 locations",https://www.indeed.com/viewjob?jk=875af052c34c5522
Junior Modeling Quant,OptionMetrics,"New York, NY",https://www.indeed.com/viewjob?jk=6af04533c30e435f
Python Developer,Moove-it,Remote,https://www.indeed.com/viewjob?jk=30d2deae65d78d38
Database Engineer,Vivint Smart Home,"Lehi, UT 84043",https://www.indeed.com/viewjob?jk=c3303b8bfc357f93
Data Center Technician,Google,"Moncks Corner, SC 29461",https://www.indeed.com/viewjob?jk=f691c82257044ed3
Data Scientist,Anheuser-Busch,"New York, NY+1 location",https://www.indeed.com/viewjob?jk=9db9bcdeed6bebcb
Python Developer,Corbus,"West Carrollton City, OH 45449",https://www.indeed.com/viewjob?jk=af7d76b838e6edce
Assistant Trader,3Red Partners,"Miami, FL",https://www.indeed.com/viewjob?jk=2504e4bedcaf37ac
58377,Zachary Piper Solutions LLC,+2 locationsRemote,https://www.indeed.com/viewjob?jk=13ffbce72f4df72a
Application Developer Apprentice - Federal,IBM,West Virginia+4 locations,https://www.indeed.com/viewjob?jk=05e890ee7c4d20c7
Post Doctoral Fellow-2,Howard University,"Washington, DC",https://www.indeed.com/viewjob?jk=cf0395e3687e8626
Jr Portfolio Analyst,Advisor Business Solutions,"Irvine, CA",https://www.indeed.com/viewjob?jk=39cc770b685dafb2
Data Scientist I,Amazon.com Services LLC,Remote+126 locations,https://www.indeed.com/viewjob?jk=7a902bc330e46821
Fluid Dynamics Modeler,Compact Membrane Systems,"Hybrid remote in Wilmington, DE",https://www.indeed.com/viewjob?jk=162883442e5dfbba
Senior Python Developer,ShipHero,+1 locationRemote,https://www.indeed.com/viewjob?jk=1ef36fc836615b49
Packaging R&D Engineer,Intel,"Phoenix, AZ 85018 (Camelback East area)+9 locations",https://www.indeed.com/viewjob?jk=0a4ea3da0b2faa85
Senior Backend Engineer,Pie Insurance,+1 locationHybrid remote,https://www.indeed.com/viewjob?jk=560b6a5c164a05c9
Test Engineer: Python Scripts,LOCKHEED MARTIN CORPORATION,"Sunnyvale, CA 94089 (Lakewood area)",https://www.indeed.com/viewjob?jk=3b97b80f274f4b8a
Python Developer (with .Net),Deloitte,"Bethesda, MD 20817+93 locations",https://www.indeed.com/viewjob?jk=2efbaa58f74e5974
Quality Assurance Analyst,kapwing,"Hybrid remote in San Francisco, CA+3 locations",https://www.indeed.com/viewjob?jk=7fc31acd9e59aa20
Software Engineer I,Disney Media & Entertainment Distribution,"Seattle, WA+8 locations",https://www.indeed.com/viewjob?jk=d9ff90d6845f27de
Next Gen Stats Analyst,National Football League,"Inglewood, CA 90301",https://www.indeed.com/viewjob?jk=d3680957c17c91fc
Full Stack Software Engineer,Accessible Web,Remote,https://www.indeed.com/viewjob?jk=d731595ca72b6071
Physical and Technical Security Officer,Central Intelligence Agency,"Washington, DC 20505 (Foggy Bottom area)",https://www.indeed.com/viewjob?jk=35f00093650c06b9
Junior Applications Programmer,Activision,"Austin, TX+3 locations",https://www.indeed.com/viewjob?jk=6a7e71e86c32bca2
Python Engineer,Check Point Software Technologies Ltd.,"New York, NY+1 location",https://www.indeed.com/viewjob?jk=c2ca4723d8201f21
Research Scientist,"California State University, Monterey Bay","Seaside, CA 93955",https://www.indeed.com/viewjob?jk=864264acd2983dfd
Junior Data Analyst,University of San Francisco,"San Francisco, CA 94117 (Lone Mountain/USF area)",https://www.indeed.com/viewjob?jk=3d0677d8c8e54f12
Data Scientist,Foot Locker,United States,https://www.indeed.com/viewjob?jk=2d52b4b01860405b
Python Developer,"CSAA Insurance Group, a AAA Insurer","Glendale, AZ 85308 (Deer Valley area)",https://www.indeed.com/viewjob?jk=7ee3e6526ec67111
Systems Engineer - Early Career Rotation Program,LOCKHEED MARTIN CORPORATION,"Cape Canaveral, FL 32920+18 locations",https://www.indeed.com/viewjob?jk=74b8209193243e09
Engineering Technician I,USC,"Los Angeles, CA",https://www.indeed.com/viewjob?jk=7085de5e4cee88fb
Senior Software Engineer - Python (Operator Development),Canonical,Remote in New York State+3 locations,https://www.indeed.com/viewjob?jk=39d28205a5c92166
"CO-OP, DATA SCIENCE",PUMA,"Boston, MA 02210 (South Boston area)",https://www.indeed.com/viewjob?jk=16330f4d1e351799
Python Developer - AVP,Barclays,"New York, NY 10019 (Midtown area)+21 locations",https://www.indeed.com/viewjob?jk=f5da0d7768562260
QA Engineer,Dolby,+4 locationsRemote,https://www.indeed.com/viewjob?jk=551eca2d7b18fda3
Principal Researcher,Microsoft,"Cambridge, MA+20 locations",https://www.indeed.com/viewjob?jk=ad83c278c0cd94d3
Junior Backend Python Engineer,Numerator,"Remote in Miami, FL+19 locations",https://www.indeed.com/viewjob?jk=157dd943f1cfe017
Data Analyst,Remote,Remote in Texas,https://www.indeed.com/viewjob?jk=0de2aa26f7c43a10
"CO-OP, DATA SCIENCE",PUMA,"Boston, MA 02210 (South Boston area)",https://www.indeed.com/viewjob?jk=16330f4d1e351799
Python Developer - AVP,Barclays,"New York, NY 10019 (Midtown area)+3 locations",https://www.indeed.com/viewjob?jk=f5da0d7768562260
QA Engineer,Dolby,+1 locationRemote,https://www.indeed.com/viewjob?jk=551eca2d7b18fda3
Principal Researcher,Microsoft,"Cambridge, MA+4 locations",https://www.indeed.com/viewjob?jk=ad83c278c0cd94d3
Senior Cloud Advocate for Python,Microsoft,United States+1 location,https://www.indeed.com/viewjob?jk=978b9f1ebc8e70b4
Junior Backend Python Engineer,Numerator,"Remote in Miami, FL+4 locations",https://www.indeed.com/viewjob?jk=157dd943f1cfe017
Data Analyst,Remote,Remote in Texas,https://www.indeed.com/viewjob?jk=0de2aa26f7c43a10
Engineering Manager,Community Tech Alliance,Remote,https://www.indeed.com/viewjob?jk=d3e731428fafc971
Data Analyst,Redstone Federal Credit Union,Remote in Alabama,https://www.indeed.com/viewjob?jk=befa678c055d11ea
DevOps Engineer Apprenticeship,Fetch Rewards,"Remote in Chicago, IL",https://www.indeed.com/viewjob?jk=c9c1fc60422ed8ef
"Software Engineer (AWS, Python)","The Travelers Companies, Inc.","Hartford, CT+6 locations",https://www.indeed.com/viewjob?jk=c52f2f957dcbcc1c
Python Developer - Machine Learning (H1B - FY22),Savvysoft,United States,https://www.indeed.com/viewjob?jk=47ac23d8352af162
Software Engineering Advisor - Evernorth,Cigna,"Hartford, CT 06152 (Frog Hollow area)+5 locations",https://www.indeed.com/viewjob?jk=f96781fe45368541
Junior Java Developer (Remote),cloudteam,"Remote in Jacksonville, FL",https://www.indeed.com/viewjob?jk=df7e2ece67102347
"College Associate - Technology, Fan Experience",Live Nation,"New York, NY",https://www.indeed.com/viewjob?jk=e842aeee42f390ef
Python Developer,RFA Engineering,"Des Moines, IA 50309 (Downtown area)+2 locations",https://www.indeed.com/viewjob?jk=e810492dcb7c1399
Junior & Senior Python Developer,Palnar Transmedia,"Plano, TX",https://www.indeed.com/viewjob?jk=8d51f9f40ed6ca3a
"Senior Python Engineer (Europe, Remote)",INTEL 471,Remote,https://www.indeed.com/viewjob?jk=dbe4106a2ab08084
GEOSPATIAL ANALYST,Optimal GEO,Remote,https://www.indeed.com/viewjob?jk=12a44102143cdd64
Software Engineer (Node/Python) - 100% Remote,Pluralsight,Remote in Utah+1 location,https://www.indeed.com/viewjob?jk=7db372762eaf0cf8
Junior Python Data Engineer,Hap Capital,"New York, NY 10014 (West Village area)",https://www.indeed.com/viewjob?jk=5e03ddb5e109be10
Engineer Software - Kansas (Multiple Openings),T-Mobile,"Overland Park, KS 66213+5 locations",https://www.indeed.com/viewjob?jk=d7d5b5b33bc62848
"Security Software Engineer, University Graduate 2022",TikTok,"Mountain View, CA 94041 (Old Mountain View area)+4 locations",https://www.indeed.com/viewjob?jk=402e3e36a16a344d
Jr. Software Engineer (Python),Columbus Technologies,"Pasadena, CA 91101 (Pasadena area)",https://www.indeed.com/viewjob?jk=a194c3c13dd077dc
Junior Data Scientist - BAM Elevate,Balyasny,"New York, NY",https://www.indeed.com/viewjob?jk=0bfa2734880c80dd
Software Engineer (Remote),GapJumpers,"Remote in San Francisco, CA",https://www.indeed.com/viewjob?jk=baaa8a0c1f573f17
Applied Sciences,Microsoft,"Redmond, WA 98052 (Overlake area)",https://www.indeed.com/viewjob?jk=f10080ed1ce0f478
Senior Software Engineer - Python,Chewy,"Boston, MA 02210 (South Boston area)+11 locations",https://www.indeed.com/viewjob?jk=6e8ab0c1f13f742f
Computer Science Instructor-Remote Online,Brigham Young University-Idaho,Remote,https://www.indeed.com/viewjob?jk=92ad6dad0837fbae
Software Engineer - Python,Backstage,"Remote in New York, NY",https://www.indeed.com/viewjob?jk=2814f981b67e8b0b
Catastrophe Research Analyst,Liberty Mutual Insurance,Remote,https://www.indeed.com/viewjob?jk=ae6c32a14e7f4ba8
Machine Learning Engineer (Junior),Nexient,"Hybrid remote in Ann Arbor, MI+6 locations",https://www.indeed.com/viewjob?jk=abacef93ae025b02
Software Developer II (JavaScript and Python),Champaign County,"Hybrid remote in Urbana, IL",https://www.indeed.com/viewjob?jk=7fcaf513bf5d6a42
"Research Scientist IV, Trustworthy AI",Visa,"Atlanta, GA+2 locations",https://www.indeed.com/viewjob?jk=a948eb4a7649188d
Data Analyst,Promontory Fulfillment Services,Remote,https://www.indeed.com/viewjob?jk=9b124e8eb8706fef
Applied Scientist,Amazon.com Services LLC,"North Reading, MA 01864+126 locations",https://www.indeed.com/viewjob?jk=092cd812979f4956
Software Engineer I - Backend Services,Disney Streaming,"Seattle, WA 98104 (Downtown area)+13 locations",https://www.indeed.com/viewjob?jk=d3e6029759b9b54d
"Technical Solutions Consultant, Digitization",Google,"Ann Arbor, MI+5 locations",https://www.indeed.com/viewjob?jk=56cd0b2f0e61346a
Python Developer,Sara Technologies,"San Diego, CA 92127",https://www.indeed.com/viewjob?jk=07cc59a85ae4d228
Data Science Associate,pulseData,"New York, NY",https://www.indeed.com/viewjob?jk=7e368dd898ab2967
Business Analyst (Entry-Level),Agama Solutions,"Sunnyvale, CA+4 locations",https://www.indeed.com/viewjob?jk=4d456575082f416c
"Security Analyst - CSIRT, Customer Service Security",Amazon.com Services LLC,West Virginia+2 locations,https://www.indeed.com/viewjob?jk=01d51c2b57f08c31
Software Engineer - Remote,UnitedHealth Group,"Temporarily Remote in Dallas, TX+20 locations",https://www.indeed.com/viewjob?jk=a5cda55fbd6d0e26
Python Developer,Indus Group,United States,https://www.indeed.com/viewjob?jk=67008ecde32d356f
Software Engineer (Python),Sure,Remote,https://www.indeed.com/viewjob?jk=e8b9807be9d1933e
Software Engineering SMTS,Salesforce,Remote+105 locations,https://www.indeed.com/viewjob?jk=9c3f921557ac2743
"VP, Equities Structurer - Structured Notes",Bank of America,"New York, NY+3 locations",https://www.indeed.com/viewjob?jk=9b5ad06e708e8f39
Junior C++ Developer - Multiple Openings,GTS,"New York, NY 10022 (Midtown area)",https://www.indeed.com/viewjob?jk=3508816294de00bb
Python (Django/Flask) Developer,Trood,"New York, NY 10272 (Financial District area)+1 location",https://www.indeed.com/viewjob?jk=a5fe3ba2a2ecdbe2
"Associate, Equities Structurer",Bank of America,"New York, NY",https://www.indeed.com/viewjob?jk=3ffd96ab735a58da
Head of Shipping Data Science (ML),eBay,"Bellevue, WA",http://stackoverflow.com/jobs/565971
HPC Engineering Manager - Python & Linux,Canonical,No office location,http://stackoverflow.com/jobs/565980
"Software Engineer, Platform Infrastructure",SmartNews,"Shibuya City, Japan",http://stackoverflow.com/jobs/448299
"Software Engineer, Backend",SmartNews,"Shibuya City, Japan",http://stackoverflow.com/jobs/208334
"Software Engineer, Infrastructure, Education",Chan Zuckerberg Initiative,"Redwood City, CA",http://stackoverflow.com/jobs/565977
"Senior Data Engineer, Education",Chan Zuckerberg Initiative,"Redwood City, CA",http://stackoverflow.com/jobs/565328
"Python Software Engineer, Commercial Systems",Canonical,No office location,http://stackoverflow.com/jobs/566450
"Systems Engineering, Analyst",MUFG,"Charlotte, NC",http://stackoverflow.com/jobs/559441
Sr. Software Engineer (Full stack Java),MUFG,"Charlotte, NC",http://stackoverflow.com/jobs/559425
Sr. Application Security Engineer,MUFG,"New York, NY",http://stackoverflow.com/jobs/559422
"Software Engineering, Analyst",MUFG,"Charlotte, NC",http://stackoverflow.com/jobs/559440
"Software Engineer, AVP",MUFG,"Charlotte, NC",http://stackoverflow.com/jobs/559429
Software Engineer,MUFG,"Charlotte, NC",http://stackoverflow.com/jobs/559421
Senior DevSecOps Engineer - REMOTE,MUFG,No office location,http://stackoverflow.com/jobs/559426
Senior DevSecOps Engineer - REMOTE,MUFG,No office location,http://stackoverflow.com/jobs/559433
Senior DevSecOps Engineer - Remote,MUFG,No office location,http://stackoverflow.com/jobs/559427
Senior Cloud Security Engineer,MUFG,"Charlotte, NC",http://stackoverflow.com/jobs/559434
"Full-Stack Developer (JavaScript, Node.JS) - REMOTE",MUFG,No office location,http://stackoverflow.com/jobs/559442
"Container Platform Engineer, Vice President",MUFG,No office location,http://stackoverflow.com/jobs/559420
"Cloud Engineer, AVP -Remote",MUFG,No office location,http://stackoverflow.com/jobs/559428
Full Stack Engineer (Mid-level - Python/JavaScript),Night Market,No office location,http://stackoverflow.com/jobs/566449
Senior Security Engineer - REMOTE,MUFG,No office location,http://stackoverflow.com/jobs/559444
Senior Full Stack Engineer (Python/JavaScript),Night Market,No office location,http://stackoverflow.com/jobs/566448
"Director, Shipping Science",eBay,"Bellevue, WA",http://stackoverflow.com/jobs/565970
Senior Ruby on Rails developer,Marketer Technologies AS,"Oslo, Norway",http://stackoverflow.com/jobs/518196
Women in Tech - all levels - at sustainable start-up (f/x) - Munich or Remote,FINN,No office location,http://stackoverflow.com/jobs/565648
Senior Front-end Developer with React.js,Marketer Technologies AS,"Oslo, Norway",http://stackoverflow.com/jobs/541502
"Senior Software Engineer, Backend - Landscape",Canonical,No office location,http://stackoverflow.com/jobs/551337
Senior Data Engineer (m/f/d),Motius GmbH,"Belgrad, Serbien",http://stackoverflow.com/jobs/566447
VP Engineering at sustainable start-up (m/f/x) - Brazil/Latin America (Remote),FINN,"München, Germany",http://stackoverflow.com/jobs/445056
Tech Lead Engineering at sustainable start-up (m/f/x) - Munich/Remote,FINN,"München, Germany",http://stackoverflow.com/jobs/541678
Backend Engineer - all levels at sustainable start-up (m/f/x)-Munich or Remote,FINN,"München, Germany",http://stackoverflow.com/jobs/331741
Platform Engineer,SUSE,No office location,http://stackoverflow.com/jobs/555636
Senior Client Side Developer (m/w/d),Basler AG,"Hamburg, Deutschland",http://stackoverflow.com/jobs/566446
Data Infrastructure Engineer,eyeo GmbH,No office location,http://stackoverflow.com/jobs/558039
Lead Software Engineer - Python Focus Big Loop Systems (m/f/d),CARIAD,"Ingolstadt, Germany",http://stackoverflow.com/jobs/566377
DevOps Engineer (Remote),Eterlast,"Barcelona, Spain",http://stackoverflow.com/jobs/563090
"Senior Support Engineer, atma.io",atma.io,"Zagreb, Croatia",http://stackoverflow.com/jobs/566442
Senior Software Engineer (Python),HENNGE K.K.,"Tokyo, Japan",http://stackoverflow.com/jobs/555511
Senior Software Engineer (Go),HENNGE K.K.,"Tokyo, Japan",http://stackoverflow.com/jobs/555512
Remote Sr. Frontend Architect (React) - Spekit - High Growth Series B Startup,SpekitviaSource Coders,No office location,http://stackoverflow.com/jobs/566439
Senior Fullstack Engineer (Python/Django/React)- #12 of Top-100 Marketplaces,StyleSeat,No office location,http://stackoverflow.com/jobs/561047
Public Cloud Consultant,Canonical,No office location,http://stackoverflow.com/jobs/551198
Software Engineer Frontend/Fullstack - Media & Services Hub (m/f/d),HolidayCheck Group AG,"München, Deutschland",http://stackoverflow.com/jobs/559404
Ubuntu on WSL Software Engineer,Canonical,No office location,http://stackoverflow.com/jobs/566436
Senior Software Engineer Fullstack Java (m/w/d),SCHUFA Holding AG,"Wiesbaden, Deutschland",http://stackoverflow.com/jobs/566435
Full-Stack Technical Lead,SSENSE,"Montreal, QC, Canada",http://stackoverflow.com/jobs/521742
Head of Engineering (m/f/d),VEACT GmbH,"München, Deutschland",http://stackoverflow.com/jobs/538334
Analytics Engineer,Slido,"Bratislava, Slovakia",http://stackoverflow.com/jobs/555451
Full-Stack Technical Lead,SSENSE,"Austin, TX",http://stackoverflow.com/jobs/521737
Software Engineer - Python - Optimise Ubuntu for Public Clouds,Canonical,No office location,http://stackoverflow.com/jobs/561738
"Engineering Director, Community",Canonical,No office location,http://stackoverflow.com/jobs/483511
Kubernetes Engineering Manager,Canonical,No office location,http://stackoverflow.com/jobs/551186
"Senior Data Engineer (Python, Kafka, Airflow)",AMBOSS,"Berlin, Germany",http://stackoverflow.com/jobs/415218
Data Engineer,AudioValley,"Anderlecht, Belgium",http://stackoverflow.com/jobs/559308
System Administrator,AudioValley,"Anderlecht, Belgium",http://stackoverflow.com/jobs/559307
Backend Developer,AudioValley,"Paris, France",http://stackoverflow.com/jobs/518186
Senior Security Analyst (d/m/w) Schwerpunkt IDS und Bedrohungsanalyse,DEVK Versicherungen,"Köln, Deutschland",http://stackoverflow.com/jobs/524954
Senior Software Developer Python (m/f/d),Ströer Online Marketing,"Hamburg, Deutschland",http://stackoverflow.com/jobs/462625
Senior Backend Developer (m/f/d),Enote GmbH,"Berlin, Deutschland",http://stackoverflow.com/jobs/565938
Embedded Linux Consulting Engineering Director,Canonical,No office location,http://stackoverflow.com/jobs/562923
Mobile APP Developers - Leading Electronics Company,Pyronix,"Doncaster, UK",http://stackoverflow.com/jobs/524940
Software Engineer for observation devices (f/m),Safran Vectronix AG,"Heerbrugg, Switzerland",http://stackoverflow.com/jobs/507270
Data Engineer,CGI Suomi,"Helsinki, Finland",http://stackoverflow.com/jobs/559232
Front End Developer,Greenhost,"Amsterdam, Netherlands",http://stackoverflow.com/jobs/524919
Software Engineer (HVM),Intel Corporation,"Kulim, Malaysia",http://stackoverflow.com/jobs/538188
Senior Android Engineer,Livefront,"Minneapolis, MN",http://stackoverflow.com/jobs/521510
Sr. Test Engineer,Rain Bird Corporation,"Tucson, AZ",http://stackoverflow.com/jobs/555341
Senior Software Engineer,Stardog Union,No office location,http://stackoverflow.com/jobs/521448
Technical Success Manager,SignalWire,No office location,http://stackoverflow.com/jobs/566416
Engineering Manager,AMBOSS,"Berlin, Germany",http://stackoverflow.com/jobs/524863
DevOps Engineer @ Nozomi Networks,Nozomi Networks,"Mendrisio, Switzerland",http://stackoverflow.com/jobs/555314
Senior iOS Developer,Marks & Spencer,"London, UK",http://stackoverflow.com/jobs/530984
Full-Stack Software Engineer,Marks & Spencer,"London, UK",http://stackoverflow.com/jobs/530982
SRE Lead,Electrolux,"Stockholm, Sweden",http://stackoverflow.com/jobs/559156
Remote Staff Site Reliability Engineer - Leading Distributed Cloud Service,Platform9viaSource Coders,"Mountain View, CA",http://stackoverflow.com/jobs/566404
(Senior) DevOps Engineer (all genders),Elinvar GmbH,"Berlin, Germany",http://stackoverflow.com/jobs/549092
Senior Security Engineer,IG Group,"London, UK",http://stackoverflow.com/jobs/555193
Data Engineer – Data Warehouse,Shopee Singapore Private Limited,Singapore,http://stackoverflow.com/jobs/565914
Backend Engineer,Passio Inc.,No office location,http://stackoverflow.com/jobs/555177
DevOps Manager/Architect,Self Decode,No office location,http://stackoverflow.com/jobs/566409
Data Science - Engineering Manager,Belvo Technologies,No office location,http://stackoverflow.com/jobs/559029
Associate Field Software Engineer - EMEA,Canonical,No office location,http://stackoverflow.com/jobs/471550
Sr. Software Engineer - MobileCoin (Unicorn Startup): Crypto Payments Platform,MobileCoinviaSource Coders,No office location,http://stackoverflow.com/jobs/566405
Lead Data & Integration Engineer (HProduce) (f/m/d),HeidelbergCement AG,"Heidelberg, Deutschland",http://stackoverflow.com/jobs/537895
Senior DevOps Platform Delivery Engineer,MITRE,"McLean, VA",http://stackoverflow.com/jobs/528317
Data Corn (m/w/d),Breuninger GmbH & Co.,"Stuttgart, Deutschland",http://stackoverflow.com/jobs/432950
Senior Python Backend Developer,Alfi Inc.,"Belfast, UK",http://stackoverflow.com/jobs/520640
"Senior Software Engineer, Embedded Systems (m/f/d)",tado GmbH,No office location,http://stackoverflow.com/jobs/566398
Lead DevOps / SRE Engineer (f/m/d),HeidelbergCement AG,"Heidelberg, Deutschland",http://stackoverflow.com/jobs/555118
Information Security Manager (m/w/d),ABOUT YOU SE & Co. KG,"Hamburg, Deutschland",http://stackoverflow.com/jobs/566395
DevOps / SRE Engineer (f/m/d),HeidelbergCement AG,"Heidelberg, Deutschland",http://stackoverflow.com/jobs/555115
Senior DevOps Engineer,Supermetrics Oy,No office location,http://stackoverflow.com/jobs/559002
QA Analyst (H/F),ENGIE Digital,"Paris, France",http://stackoverflow.com/jobs/528279
Gruppchef inom data science,Säkerhetspolisen,"Stockholm, Sweden",http://stackoverflow.com/jobs/558998
DevOps Engineer  (Jede*r),tarent solutions GmbH,No office location,http://stackoverflow.com/jobs/555101
"Lead Software Engineer, atma.io",atma.io,No office location,http://stackoverflow.com/jobs/566393
Kubernetes Administrator,CYBERTEC PostgreSQL International GmbH,No office location,http://stackoverflow.com/jobs/558995
Linux Kernel Engineer,Canonical,"Taipei, Taiwan",http://stackoverflow.com/jobs/454598
Linux Kernel Engineer,Canonical,No office location,http://stackoverflow.com/jobs/544576
IT System Administrator / DevOps (f/m/x),ImFusion GmbH,"München, Deutschland",http://stackoverflow.com/jobs/562665
"Senior Software Engineer, Infrastructure, Education",Chan Zuckerberg Initiative,"Redwood City, CA",http://stackoverflow.com/jobs/537683
"Senior Software Engineer, Trust, Education",Chan Zuckerberg Initiative,"Redwood City, CA",http://stackoverflow.com/jobs/537679
Experienced Software Engineer,Outschool,No office location,http://stackoverflow.com/jobs/550915
Fully Remote Senior or Staff Software Engineer - Platform9,Platform9viaSource Coders,"Mountain View, CA",http://stackoverflow.com/jobs/566389
Research Scientist with focus on Interventional Ultrasound (f/m/x),ImFusion GmbH,"München, Deutschland",http://stackoverflow.com/jobs/562664
Senior C++ Software Developer,Topic Embedded Systems B.V.,"Best, Netherlands",http://stackoverflow.com/jobs/566387
Software Design Engineer C#,Topic Embedded Systems B.V.,"Best, Netherlands",http://stackoverflow.com/jobs/566386
"IoT / Java, Python Entwickler (w/m/d) - bundesweit & Homeoffice",objective partner AG,"Weinheim, Deutschland",http://stackoverflow.com/jobs/550882
DevOps Engineer (w/m/d) - bundesweit & Homeoffice,objective partner AG,"Weinheim, Deutschland",http://stackoverflow.com/jobs/550881
"Senior Python Software Developer (m/f/d) @ our Partner ADSPERT (Berlin, remote)",solute GmbH,"Berlin, Deutschland",http://stackoverflow.com/jobs/547853
Staff Software Engineer – GPU-Computing Machine Learning (m/f/d),CARIAD,"Wolfsburg, Germany",http://stackoverflow.com/jobs/566378
Automation Developer - Operations,MHR,"Ruddington, UK",http://stackoverflow.com/jobs/544506
Software Engineer (Python AWS),Wizeline,"Phường 12 (Quận 10), Vietnam",http://stackoverflow.com/jobs/487852
Linux Cloud Consultant - Americas,Canonical,No office location,http://stackoverflow.com/jobs/562585
"Senior .Net Developer for ML, Computer Vision and Python Algorithm development",MapLarge,No office location,http://stackoverflow.com/jobs/165235
Software Systems Engineer (80%-100%),Open Systems AG,"Zürich, Switzerland",http://stackoverflow.com/jobs/550751
Senior Backend Engineer,Omnivore Technologies,No office location,http://stackoverflow.com/jobs/558774
Cyber Mitigations Analyst/System Vulnerability Analyst - Entry to Expert Level,National Security Agency,"Fort Meade, MD",http://stackoverflow.com/jobs/565898
Computer Scientist - Development Programs - Entry/ Mid-Level,National Security Agency,"Fort Meade, MD",http://stackoverflow.com/jobs/565896
Senior DevOps Engineer,Supermetrics Oy,No office location,http://stackoverflow.com/jobs/565891
Senior Full Stack Software Engineer,kaliber.ai,"San Francisco, CA",http://stackoverflow.com/jobs/251476
Senior Android Developer,Marks & Spencer,"London, UK",http://stackoverflow.com/jobs/530799
Senior Software Engineer (Java)- Database Services,Mimecast,"London, UK",http://stackoverflow.com/jobs/558741
Senior Software Engineer (Java) – Analytics & Data Infrastructure Team,Mimecast,"London, UK",http://stackoverflow.com/jobs/558740
Forensic Software/Web Developer (Entry and Mid Levels) - OCONUS Deployable,"Cipher Tech Solutions, Inc","Tampa, FL",http://stackoverflow.com/jobs/562286
Senior Software Engineer - Data Lake,Mimecast,"London, UK",http://stackoverflow.com/jobs/558739
"Full Stack Developer, Automation Engine",Elisa Polystar,"Helsinki, Finland",http://stackoverflow.com/jobs/558730
Lead Data Scientist,Singapore Innovate Pte. Ltd,Singapore,http://stackoverflow.com/jobs/565885
"Lead Engineer – SRE, Automation",LMAX Group,"London, UK",http://stackoverflow.com/jobs/544001
Senior Software Engineer,ZAIKO K.K.,"Minato City, Japan",http://stackoverflow.com/jobs/524414
"Senior Manager of Software Engineering, Data Platform (Remote Eligible)",Flyr Inc,"Los Angeles, CA",http://stackoverflow.com/jobs/530715
Software Engineer (Network Software),SpaceX,"Hawthorne, CA",http://stackoverflow.com/jobs/562442
Sr. Software Engineer,SpaceX,"Hawthorne, CA",http://stackoverflow.com/jobs/562441
Sr. DevOps Engineer,SpaceX,"Hawthorne, CA",http://stackoverflow.com/jobs/562440
Senior QA Automation Engineer,Alfi Inc.,"Denver, CO",http://stackoverflow.com/jobs/520178
Senior Front-End Developer,Alfi Inc.,"Denver, CO",http://stackoverflow.com/jobs/519794
QA Devops Engineer - Open Source Database Solutions (remote),Percona Staffing LLC,No office location,http://stackoverflow.com/jobs/562423
Senior Backend Architect (m/f/d),Motius GmbH,"München, Deutschland",http://stackoverflow.com/jobs/565858
Scala Engineer,Snowplow Analytics,No office location,http://stackoverflow.com/jobs/562416
"Software Engineering Manager, Seattle WA",MSCI,"Seattle, WA",http://stackoverflow.com/jobs/565855
Software Engineer - Machine Learning Team (Python/C++) (m/w/d),Volume Graphics GmbH,"Heidelberg, Deutschland",http://stackoverflow.com/jobs/550558
Senior DevOps Engineer (Remote),Slido,No office location,http://stackoverflow.com/jobs/519933
Software Entwickler (m/w/d),NOVOMATIC AG,"Gumpoldskirchen, Österreich",http://stackoverflow.com/jobs/554829
Senior DevOps Engineer (m/f/d) for Supply Chain Cloud Solutions,SupplyOn AG,"Dresden, Deutschland",http://stackoverflow.com/jobs/513203
Integration App Product Engineer,SyncSmart.io (by LyntonWeb.com),No office location,http://stackoverflow.com/jobs/519804
Software Engineer,Intel Corporation,"Hillsboro, OR",http://stackoverflow.com/jobs/530570
Sustaining Operations Engineer,Canonical,No office location,http://stackoverflow.com/jobs/566371
"Senior Software Engineer, Integration QA, Python",Canonical,No office location,http://stackoverflow.com/jobs/519661
Senior Software Engineer - Material Analysis Team (C++) (m/w/d),Volume Graphics GmbH,"Heidelberg, Deutschland",http://stackoverflow.com/jobs/163095
DevOps Engineer - 100% Remote,Disy Informationssysteme GmbH,"Karlsruhe, Deutschland",http://stackoverflow.com/jobs/383260
CDI -  Senior Developper - Rennes,Steeple,"Rennes, France",http://stackoverflow.com/jobs/530505
(Junior) Softwareentwickler - Java / Golang / Cloud - (w/m/d),GoCaspi GmbH,No office location,http://stackoverflow.com/jobs/566363
Senior DevOps Engineer (Nordic or Germany),Nets Group,"Helsingfors, Finland",http://stackoverflow.com/jobs/565836
"Site Reliability Engineer, Kubernetes",camunda,No office location,http://stackoverflow.com/jobs/550386
"Software Engineering Manager - Selection Domain, Core Order (w/m/d)",Delivery Hero SE,"Berlin, Germany",http://stackoverflow.com/jobs/562276
Web Developer,Helmholtz-Zentrum hereon GmbH,"Geesthacht, Deutschland",http://stackoverflow.com/jobs/566360
Sr. Signal Integrity Engineer,Intel Corporation,"Shanghai, China",http://stackoverflow.com/jobs/543848
Graphics Software Engineer,Intel Corporation,"Shanghai, China",http://stackoverflow.com/jobs/543846
Deep Learning System Frameworks Engineer,Intel Corporation,"Shanghai, China",http://stackoverflow.com/jobs/543845
"DevOps Engineer, Cloud Data Warehouse",ByteDance,Singapore,http://stackoverflow.com/jobs/550284
Cloud Software Engineer,Intel Corporation,"Guadalajara, Mexico",http://stackoverflow.com/jobs/536886
Security Engineer,Outschool,No office location,http://stackoverflow.com/jobs/566357
Software Engineer - Python - Kubernetes,Canonical,No office location,http://stackoverflow.com/jobs/566356
MariaDB Fully Remote Site Reliability Engineering Opportunity,MariaDBviaSource Coders,No office location,http://stackoverflow.com/jobs/566355
Data Engineer for Insurtech Startup,iptiQ by Swiss Re,"Hoofddorp, Netherlands",http://stackoverflow.com/jobs/471200
Software Engineering Manager,iptiQ by Swiss Re,"Hoofddorp, Netherlands",http://stackoverflow.com/jobs/472051
Backend Software Engineer for leading insurtech start-up,iptiQ by Swiss Re,"Hoofddorp, Netherlands",http://stackoverflow.com/jobs/472052
Senior DevOps Engineer,Self Decode,No office location,http://stackoverflow.com/jobs/566351
Senior Software Engineer - Launchpad,Canonical,No office location,http://stackoverflow.com/jobs/530389
Security Engineer - (Application Security/DevSecOps) (f/m/d),Delivery Hero SE,"Berlin, Germany",http://stackoverflow.com/jobs/565815
"Principal Software Engineer, Data (Python & pandas) - London",Synthace Ltd.,"London, UK",http://stackoverflow.com/jobs/554536
Backend Software Engineer,Contovista,"Schlieren, Switzerland",http://stackoverflow.com/jobs/536774
"Softwarearchitekt Digitale Signalverarbeitung, Software Defined Radio (m/w/d)",Rheinmetall,"Bremen, Deutschland",http://stackoverflow.com/jobs/560043
Product Owner Smart O&M (H/F),ENGIE Digital,"Paris, France",http://stackoverflow.com/jobs/554454
Security Engineer - APPSEC (f/m/x),PPRO,"München, Germany",http://stackoverflow.com/jobs/554399
"Data Engineer (Python, ETL)",Finsera,No office location,http://stackoverflow.com/jobs/536631
Field Software Engineer - APAC,Canonical,No office location,http://stackoverflow.com/jobs/512382
"Site Reliability Engineer, Americas",Canonical,No office location,http://stackoverflow.com/jobs/454608
R&D Full Stack Software Engineer (Experienced),Sandia National Laboratories,"Albuquerque, NM",http://stackoverflow.com/jobs/566344
DevOps Engineer - High Performance Computing (Mid-Career),Sandia National Laboratories,"Albuquerque, NM",http://stackoverflow.com/jobs/566341
Research Scientist,"Edgestream Partners, L.P.","Princeton, NJ",http://stackoverflow.com/jobs/518607
Python-Entwickler (w/m/d),parcIT GmbH,"Köln, Germany",http://stackoverflow.com/jobs/566326
Sr Cloud Engineer,RapDev.io,"Boston, MA",http://stackoverflow.com/jobs/565781
"Senior Cloud Engineer (m/w/d) - Deutsch C1 erforderlich, 80-90% remote möglich",Ganz & Stock,"Offenburg, Deutschland",http://stackoverflow.com/jobs/565776
Automotive Security Engineer (m/w/d),Method Park,"Erlangen, Deutschland",http://stackoverflow.com/jobs/558406
Backend Engineer (Python/ Django),Sector Labs,"Dubai, United Arab Emirates",http://stackoverflow.com/jobs/518496
Senior Python/Django Full-stack Developer,Apicbase Belgium,No office location,http://stackoverflow.com/jobs/515716
Full Stack Engineer (React & Django),Sector Labs,"Cluj-Napoca, Romania",http://stackoverflow.com/jobs/518486
"Product Manager, Data & Analytics Solutions (Campus)",Azendian Solutions Pte. Ltd.,Singapore,http://stackoverflow.com/jobs/565767
Technical Support Engineer,Odoo,"San Francisco, CA",http://stackoverflow.com/jobs/558070
Full Stack Engineer,Odoo,"Buffalo, NY",http://stackoverflow.com/jobs/558069
Software Engineer @ Enveil,Enveil,"Fulton, MD",http://stackoverflow.com/jobs/166432
Deployment Engineer / Solutions Architect,Enveil,"Fulton, MD",http://stackoverflow.com/jobs/319752
Python Developer (Remote),Finsera,No office location,http://stackoverflow.com/jobs/524065
Software Engineer - MAAS,Canonical,No office location,http://stackoverflow.com/jobs/566318
"Senior IoT Developer (M/W/D/) Python, C++",VISPIRON CHARGE-V GmbH,"München, Deutschland",http://stackoverflow.com/jobs/524044
"Software Engineering, VP - New York, NY - Banking - Finance - JAVA - AWS - AZURE",MUFG,"New York, NY",http://stackoverflow.com/jobs/566312
"Report Automation Lead - Jersey City, NJ - Bachelors - Leadership",MUFG,"Jersey City, NJ",http://stackoverflow.com/jobs/566311
"Software Engineer Lead, Vice President - New York, NY - Banking - Financial",MUFG,"New York, NY",http://stackoverflow.com/jobs/566310
Deep Learning Engineer,SQUAD,"Kyiv, Ukraine",http://stackoverflow.com/jobs/518177
"Software Engineering, AVP - Hybrid, Charlotte, NC, CI/CD principle, Atlassian",MUFG,"Charlotte, NC",http://stackoverflow.com/jobs/566302
"Sr. Capacity and Performance Engineer - remote, financial services industry",MUFG,No office location,http://stackoverflow.com/jobs/566300
"CBT Infrastructure AVP, Tempe, AZ, AWS, Linux, project management, scripting",MUFG,"Tempe, AZ",http://stackoverflow.com/jobs/566299
"Insider Threat Engineer, Remote, Banking, Finance, Python, information security",MUFG,No office location,http://stackoverflow.com/jobs/566297
"Full-Stack Developer (JavaScript, Node.JS) - REMOTE",MUFG,No office location,http://stackoverflow.com/jobs/566296
Softwareentwickler C++ (m/w/d) Prüfstandsautomatisierung,APL Automobil-Prüftechnik Landau GmbH,"Landau in der Pfalz, Deutschland",http://stackoverflow.com/jobs/526623
"Full-Stack Developer, Research & Development",Houston Astros Baseball R&D,"Houston, TX",http://stackoverflow.com/jobs/536288
A 'jack-of-all-trades' for an Agile team - Python Dev/ Tech Lead/ Scrum Master,Pentalog,"Hanoi, Vietnam",http://stackoverflow.com/jobs/554242
Lead Tech SEO Manager (d/f/m),Stylight,"München, Deutschland",http://stackoverflow.com/jobs/566291
Senior Software Engineer – Container Ecosystem,SUSE,No office location,http://stackoverflow.com/jobs/554241
Software Developer,SUSE,No office location,http://stackoverflow.com/jobs/558030
Data Engineer,Hubs,"Amsterdam, Netherlands",http://stackoverflow.com/jobs/558873
Backend Software Engineer - Python,Hubs,"Amsterdam, Netherlands",http://stackoverflow.com/jobs/543394
LEAD INSTRUCTOR - DATA SCIENCE [full time || part time],WBS Gruppe,No office location,http://stackoverflow.com/jobs/529936
"SENIOR FULL-STACK DEV WITH RUBY / PYTHON / REACT NATIVE -- 100% REMOTE, FLEXIBLE",Analytics Fire,No office location,http://stackoverflow.com/jobs/517987
"Backend Tech Lead, Customer Service Platform",ByteDance,Singapore,http://stackoverflow.com/jobs/553813
Devops Engineer - Infrastructure Engineering,ByteDance,Singapore,http://stackoverflow.com/jobs/553812
Site Reliability Engineer (Applied Machine Learning),ByteDance,Singapore,http://stackoverflow.com/jobs/553811
Site Reliability Engineer - Infrastructure Engineering,ByteDance,Singapore,http://stackoverflow.com/jobs/553810
Data Science and Analytics Engineer,MITRE,"McLean, VA",http://stackoverflow.com/jobs/523959
Software Engineer,MITRE,"McLean, VA",http://stackoverflow.com/jobs/523956
Artificial Intelligence / Autonomy Engineer,MITRE,"McLean, VA",http://stackoverflow.com/jobs/523955
Electrical Engineer,MITRE,"McLean, VA",http://stackoverflow.com/jobs/523954
Cloud Infrastructure Engineer,Relay42,"Amsterdam, Netherlands",http://stackoverflow.com/jobs/407421
Senior QA Engineer (m/f/d),Relayr,"Berlin, Germany",http://stackoverflow.com/jobs/561711
Machine Learning Engineer,Relay42,"Amsterdam, Netherlands",http://stackoverflow.com/jobs/469169
"VP, Software Engineering",Canonical,No office location,http://stackoverflow.com/jobs/553806
Senior Fullstack Engineer,AMBOSS,"Berlin, Germany",http://stackoverflow.com/jobs/557771
DevOps Engineer,Higher Logic,No office location,http://stackoverflow.com/jobs/566273
Senior Software Engineer for growing VC-backed UK startup (based in UK/Europe),Snowplow Analytics,No office location,http://stackoverflow.com/jobs/536083
Embedded Software Engineer,Sonova AG,"Stäfa, Schweiz",http://stackoverflow.com/jobs/566268
Lead Data Engineer (m/f/x),Scalable Capital GmbH,"München, Deutschland",http://stackoverflow.com/jobs/536037
NLP Developer,"Yaraku, Inc.",No office location,http://stackoverflow.com/jobs/286235
Software Engineer,Intel Corporation,"Hillsboro, OR",http://stackoverflow.com/jobs/530206
Software Engineer,Intel Corporation,"Hillsboro, OR",http://stackoverflow.com/jobs/530205
Network Software Engineer,Intel Corporation,"Austin, TX",http://stackoverflow.com/jobs/530203
Ethernet Technologies RDMA Software Applications Engineer,Intel Corporation,"Austin, TX",http://stackoverflow.com/jobs/530201
Ethernet Manageability Applications Engineer,Intel Corporation,"Austin, TX",http://stackoverflow.com/jobs/530200
Ethernet Technologies Software Applications Engineer - DPDK,Intel Corporation,"Hillsboro, OR",http://stackoverflow.com/jobs/530199
Software Engineer - Silicon Product Design,Intel Corporation,"Hillsboro, OR",http://stackoverflow.com/jobs/530198
Cloud Software Engineer,Intel Corporation,"Hillsboro, OR",http://stackoverflow.com/jobs/530195
Senior Cloud Software Services Architect,Intel Corporation,"Hillsboro, OR",http://stackoverflow.com/jobs/530190
Software Engineers,Lightmatter,No office location,http://stackoverflow.com/jobs/565756
Senior DevOps Engineer,The Orchard,"London, UK",http://stackoverflow.com/jobs/543315
Software Engineer,The Orchard,"London, UK",http://stackoverflow.com/jobs/543314
"Tech Lead, Machine Learning Evaluation",McD Tech Labs,"Mountain View, CA",http://stackoverflow.com/jobs/523812
"Staff Software Engineer, Applied AI",McD Tech Labs,"Mountain View, CA",http://stackoverflow.com/jobs/523807
Software Engineer in Test,McD Tech Labs,"Mountain View, CA",http://stackoverflow.com/jobs/523806
"Data Scientist, Machine Learning Evaluation",McD Tech Labs,"Mountain View, CA",http://stackoverflow.com/jobs/523805
"Senior Data Engineer - Consult with great companies, technologies and solutions",Pinnacle Solutions Group,"Nashville, TN",http://stackoverflow.com/jobs/515696
"Tech Lead, Python Systems Engineering",McD Tech Labs,"Mountain View, CA",http://stackoverflow.com/jobs/523801
"Tech Lead, Data Infrastructure",McD Tech Labs,"Mountain View, CA",http://stackoverflow.com/jobs/523800
"Senior Software Engineer, Language",McD Tech Labs,"Mountain View, CA",http://stackoverflow.com/jobs/523798
Software Engineer,The Orchard,"New York, NY",http://stackoverflow.com/jobs/543311
Senior Software Engineer,The Orchard,"London, UK",http://stackoverflow.com/jobs/543310
Data Engineer,McD Tech Labs,"Mountain View, CA",http://stackoverflow.com/jobs/523793
Senior Backend Engineer,McD Tech Labs,"Mountain View, CA",http://stackoverflow.com/jobs/523791
Cloud Software Developer,Intel Corporation,"Guadalajara, Mexico",http://stackoverflow.com/jobs/557644
Full Stack Software Developer,Limelyte Technology Group,"Spokane, WA",http://stackoverflow.com/jobs/565751
"Go Software Engineer, Commercial Systems",Canonical,No office location,http://stackoverflow.com/jobs/561428
Full Stack Engineer,Zattoo,"Berlin, Germany",http://stackoverflow.com/jobs/565749
Site Reliability Engineer,Zattoo,"Berlin, Germany",http://stackoverflow.com/jobs/565748
Senior Machine Learning/ Deep Learning Engineer (m/f/d),Motius GmbH,"München, Deutschland",http://stackoverflow.com/jobs/565744
"Arista Networks is hiring Front End Engineer for Dublin office(JS, React+Redux)","Arista Networks, Inc","Dublin, Ireland",http://stackoverflow.com/jobs/482910
Senior Software Engineer,Slimmer AI,"Groningen, Netherlands",http://stackoverflow.com/jobs/561547
Senior Data Engineer - Remote,Didomi,"Paris, France",http://stackoverflow.com/jobs/557607
*REMOTE* Lead (Senior) Kotlin & Java Engineer (m/f/x) High-Load Search-Engine,"AVANTGARDE - ""Creating Fans""",No office location,http://stackoverflow.com/jobs/529656
"3D Pipeline Engineer (Python, Blender)",Geomagical Labs,"Mountain View, CA",http://stackoverflow.com/jobs/565737
Senior Solutions Architect/Data Architect,Intel Corporation,"Hillsboro, OR",http://stackoverflow.com/jobs/530028
Senior Software Engineers,Lightmatter,No office location,http://stackoverflow.com/jobs/523002
Senior 3D Graphics Engineer,Geomagical Labs,"Mountain View, CA",http://stackoverflow.com/jobs/565733
Senior Full Stack Engineer,Sector Labs,"Cluj-Napoca, Romania",http://stackoverflow.com/jobs/517510
Senior Full Stack Engineer (Remote),Sector Labs,No office location,http://stackoverflow.com/jobs/517508
JR0178225 OpenIPC Senior Software Engineer,Intel Corporation,"Hillsboro, OR",http://stackoverflow.com/jobs/542196
Software Engineers - Cloud Reliability & Infrastructure (Python or Java),Canva,"Sydney, Australia",http://stackoverflow.com/jobs/373689
"Junior IoT Developer (M/W/D) Python, C++",VISPIRON CHARGE-V GmbH,"München, Deutschland",http://stackoverflow.com/jobs/548810
Senior Front End developer,Apicbase Belgium,No office location,http://stackoverflow.com/jobs/526988
Cloud Native Senior Software Engineer,Intel Corporation,"Dublin, Ireland",http://stackoverflow.com/jobs/548771
Python Engineer,Intel Corporation,"Gdańsk, Poland",http://stackoverflow.com/jobs/529943
Cloud Software Engineer,Intel Corporation,"Gdańsk, Poland",http://stackoverflow.com/jobs/529942
Software Architect Lead,WeLab Bank Limited,Hong Kong,http://stackoverflow.com/jobs/565713
Software Validation Engineer,Intel Corporation,"Gdańsk, Poland",http://stackoverflow.com/jobs/529939
Senior Backend Engineer,Singapore Innovate Pte. Ltd,Singapore,http://stackoverflow.com/jobs/561308
Site Reliability Engineer III,"Wikimedia Foundation, Inc.",No office location,http://stackoverflow.com/jobs/566260
Senior Site Reliability Engineer (ServiceOps),"Wikimedia Foundation, Inc.",No office location,http://stackoverflow.com/jobs/566259
DevOps Engineer,SignalWire,No office location,http://stackoverflow.com/jobs/561307
Senior DevOps Engineer,Tradeshift,"Bucharest, Romania",http://stackoverflow.com/jobs/526929
Senior Full-Stack Engineer with Node.js - Tradeshift Go,Tradeshift,"Bucharest, Romania",http://stackoverflow.com/jobs/526924
"Senior Java Engineer - Consult with great companies, technologies and solutions",Pinnacle Solutions Group,"Charlotte, NC",http://stackoverflow.com/jobs/197952
Analyste solution/ Chef de projet déploiement Smart O&M (H/F),ENGIE Digital,"Paris, France",http://stackoverflow.com/jobs/548602
Senior DevOps Platform Engineer,Blinks Labs GmbH,"Berlin, Germany",http://stackoverflow.com/jobs/565687
Backend Engineer - Tradeshift Engage,Tradeshift,"Aarhus, Denmark",http://stackoverflow.com/jobs/526909
(Junior) Data Engineer (m/f/x) onsite or remote (in Germany),Scalable Capital GmbH,"München, Deutschland",http://stackoverflow.com/jobs/516327
Senior Software Engineer - Cloud Engineering,Canonical,No office location,http://stackoverflow.com/jobs/535495
Softwareentwickler*in (m/w/x) (Vollzeit),Orendt Studios GmbH,"Hamburg, Deutschland",http://stackoverflow.com/jobs/565680
Senior DevOps Engineer (Cloud Solutions),Coda Payments,No office location,http://stackoverflow.com/jobs/565675
Software Engineer IoT (m/w/d),Stadtwerke München GmbH,"München, Deutschland",http://stackoverflow.com/jobs/516781
Senior Data Engineer E-Commerce (m/w/d),Peek & Cloppenburg,"Düsseldorf, Germany",http://stackoverflow.com/jobs/565672
Senior DevOps Engineer,Revieve Oy,"Helsinki, Finland",http://stackoverflow.com/jobs/554528
Python Software Engineer - International growing scale-up!,Channable,"Utrecht, Netherlands",http://stackoverflow.com/jobs/265091
Staff Site Reliability Engineer (Traffic),"Wikimedia Foundation, Inc.",No office location,http://stackoverflow.com/jobs/566247
Senior DevOps Engineer - Data Operations,"Sailpoint Technologies, Inc.",No office location,http://stackoverflow.com/jobs/557351
Cloud Engineer,Olo,No office location,http://stackoverflow.com/jobs/516558
Business Intelligence Engineer (all genders),asgoodasnew electronics GmbH,"Berlin, Deutschland",http://stackoverflow.com/jobs/565661
Senior Data Engineer - Python Technologies,Capital Group,"Irvine, CA",http://stackoverflow.com/jobs/538626
Senior Solutions Engineer - AWS,Capital Group,"Irvine, CA",http://stackoverflow.com/jobs/538629
Data Engineer,Capital Group,"Irvine, CA",http://stackoverflow.com/jobs/558026
Machine Learning Engineer,"Betterup, Inc.",No office location,http://stackoverflow.com/jobs/523562
Data Engineer,"Betterup, Inc.",No office location,http://stackoverflow.com/jobs/523557
C Embedded Engineer,SQUAD,"Kyiv, Ukraine",http://stackoverflow.com/jobs/516403
Lead Full-Stack Software Engineer (Tech Lead) (f/m/d),HeidelbergCement AG,"Heidelberg, Deutschland",http://stackoverflow.com/jobs/557326
Django Engineer (human) for Germany's leading local marketing platform,RegioHelden GmbH,"Stuttgart, Germany",http://stackoverflow.com/jobs/565651
Data Engineer,Coda Payments,No office location,http://stackoverflow.com/jobs/557317
"Algorithm Engineer, Enterprise Partnership & Solutions",ByteDance,Singapore,http://stackoverflow.com/jobs/523517
Back-End Software Engineer,HENNGE K.K.,"Tokyo, Japan",http://stackoverflow.com/jobs/380985
Front-End Software Engineer,HENNGE K.K.,"Tokyo, Japan",http://stackoverflow.com/jobs/381280
Full stack software engineer,Ailo,"Melbourne, Australia",http://stackoverflow.com/jobs/372382
Software Engineer,Reaktor,"Lisboa, Portugal",http://stackoverflow.com/jobs/553136
Full-Stack Junior Software Engineer,Automation Consultants,"Reading, UK",http://stackoverflow.com/jobs/516045
Systems Engineer,LMAX Group,"London, UK",http://stackoverflow.com/jobs/535022
Backend Software Engineer,Armored Things,"Boston, MA",http://stackoverflow.com/jobs/322319
LMAX Software Developer (Core Java),LMAX Group,"London, UK",http://stackoverflow.com/jobs/181651
Cloud Engineer Linux,team.blue NL B.V.,"Rotterdam, Netherlands",http://stackoverflow.com/jobs/523426
"Software Engineer, Speech & Audio",ByteDance,Singapore,http://stackoverflow.com/jobs/553106
"Software Engineer, Python&TypeScript",Chaturbate,No office location,http://stackoverflow.com/jobs/566212
"Site Reliability Engineer, Recommendation Architecture",ByteDance,Singapore,http://stackoverflow.com/jobs/553104
"Tech Lead Engineering Manager, Business Integrity",ByteDance,Singapore,http://stackoverflow.com/jobs/553100
"Full Stack Software Engineer, Business Integrity",ByteDance,Singapore,http://stackoverflow.com/jobs/553099
Senior Software Engineer,Linewize by Family Zone,"Abbotsford, Australia",http://stackoverflow.com/jobs/551649
"Backend Software Engineer, Business Integrity",ByteDance,Singapore,http://stackoverflow.com/jobs/553036
"Frontend Software Engineer, Business Integrity",ByteDance,Singapore,http://stackoverflow.com/jobs/553035
"Interview Engineer (Remote, United Kingdom)",Karat.com,No office location,http://stackoverflow.com/jobs/565630
"Interview Engineer (Remote, Mexico)",Karat.com,No office location,http://stackoverflow.com/jobs/565629
"Interview Engineer (Remote, Israel)",Karat.com,No office location,http://stackoverflow.com/jobs/565628
"Interview Engineer (Remote, Germany)",Karat.com,No office location,http://stackoverflow.com/jobs/565627
"Interview Engineer (Remote, Canada)",Karat.com,No office location,http://stackoverflow.com/jobs/565626
"Interview Engineer (Remote, Australia)",Karat.com,No office location,http://stackoverflow.com/jobs/565625
"Interview Engineer (Remote, South Africa)",Karat.com,No office location,http://stackoverflow.com/jobs/565624
Open Source Software Lead (Cloud Native),Intel Corporation,"Dublin, Ireland",http://stackoverflow.com/jobs/553034
Staff Site Reliability Engineer,McD Tech Labs,"Mountain View, CA",http://stackoverflow.com/jobs/534770
React Front End Developer,"Daupler, Inc.","Kansas City, MO",http://stackoverflow.com/jobs/523351
Lead Software Engineer in Test (Automation),Chaturbate,No office location,http://stackoverflow.com/jobs/566211
"Python Back End Developer (FastAPI, Django, Celery)","Daupler, Inc.","Kansas City, MO",http://stackoverflow.com/jobs/523350
Python Engineer,McD Tech Labs,"Mountain View, CA",http://stackoverflow.com/jobs/534766
"Senior Java Engineer - Consult with great companies, technologies and solutions",Pinnacle Solutions Group,"Nashville, TN",http://stackoverflow.com/jobs/196742
Python Software Engineer,Sav.com,"Chicago, IL",http://stackoverflow.com/jobs/515692
QA Tester,Self Decode,No office location,http://stackoverflow.com/jobs/561041
Node.js Developer (Remote),Soshace LLC,No office location,http://stackoverflow.com/jobs/566208
Mobile React Native Developer (Remote),Soshace LLC,No office location,http://stackoverflow.com/jobs/566209
"Senior Software Engineer, Python",Chaturbate,"San Francisco, CA",http://stackoverflow.com/jobs/566183
Frontend React.js Developer (Remote),Soshace LLC,No office location,http://stackoverflow.com/jobs/566207
Software Engineer (Migration),Odoo,"San Francisco, CA",http://stackoverflow.com/jobs/472407
Software Engineer,Odoo,"Ciudad de México, Mexico",http://stackoverflow.com/jobs/472421
Full Stack Engineer,Odoo,"San Francisco, CA",http://stackoverflow.com/jobs/524056
Senior Machine Learning Engineer - OPEN TO REMOTE,The RealReal,"San Francisco, CA",http://stackoverflow.com/jobs/557022
Python Web Application Developer (Entry or Mid Level),"Cipher Tech Solutions, Inc",No office location,http://stackoverflow.com/jobs/561032
Engineering Technical Recruiter,QuantCo,"Berlin, Deutschland",http://stackoverflow.com/jobs/553016
Frontend Engineer (m/w/d),QuantCo,"Karlsruhe, Deutschland",http://stackoverflow.com/jobs/553014
Expert / Senior Principal Methodology Statistician (MSTAT),Choose Your Challenge - Data Careers at Boehringer Ingelheim,"Biberach, Germany",http://stackoverflow.com/jobs/566203
Consultant (m/w/d) - Digital Forensics/Cyber Forensics,Deloitte Deutschland,"Düsseldorf, Germany",http://stackoverflow.com/jobs/566199
Backend Developer with Cloud experience,Accenture Romania,No office location,http://stackoverflow.com/jobs/534721
Remote Fullstack Entwicklerin (m/w/d),Ambient,"Köln, Deutschland",http://stackoverflow.com/jobs/552969
DevOps Manager/Architect,Self Decode,No office location,http://stackoverflow.com/jobs/557000
Software Designer,Topic Embedded Systems B.V.,"Best, Netherlands",http://stackoverflow.com/jobs/566186
(Junior) Consultant (m/w/d) - IT Implementierungsspezialist / Global Employer Se,Deloitte Deutschland,"Düsseldorf, Deutschland",http://stackoverflow.com/jobs/556992
Cloud Platform Engineer (d/m/w) Data & Analytics,DEVK Versicherungen,"Köln, Deutschland",http://stackoverflow.com/jobs/526685
Senior Software Developer (Full Stack),Jewel Paymentech Pte Ltd,Singapore,http://stackoverflow.com/jobs/534474
Data Scientist – Network Analysis and Control,MITRE,"Bedford, MA",http://stackoverflow.com/jobs/515357
Senior Data Engineer (Fully Remote),Call Simulator,"Tallahassee, FL",http://stackoverflow.com/jobs/566182
IT Service Management Practitioner,MITRE,"McLean, VA",http://stackoverflow.com/jobs/515350
Lead Software Development Engineer in Test (SDET) - #12 of Top-100 Marketplaces,StyleSeat,No office location,http://stackoverflow.com/jobs/561459
Lead Azure Cloud Engineer,MITRE,"Bedford, MA",http://stackoverflow.com/jobs/515328
Field Software Engineer - EMEA,Canonical,No office location,http://stackoverflow.com/jobs/501791
Big Data DevOps Engineer,Ultra Tendency,No office location,http://stackoverflow.com/jobs/556898
(Senior) Backend Developer (f/m/d) Big Data,ADITION technologies AG,"Freiburg im Breisgau, Deutschland",http://stackoverflow.com/jobs/304655
Data Platform Architect,Octopus Energy,"London, UK",http://stackoverflow.com/jobs/541302
Software Engineer - Build the next generation of AI platform,Signal AI,"London, UK",http://stackoverflow.com/jobs/246027
Web Engineer,Signal AI,"London, UK",http://stackoverflow.com/jobs/273615
System Administrator / DevOps,iubenda,"Milan, Italy",http://stackoverflow.com/jobs/566171
DevOps Lead,Which?,"London, UK",http://stackoverflow.com/jobs/556891
Senior SOC Engineer (Remote - Canada),Open Systems AG,"Vancouver, BC, Canada",http://stackoverflow.com/jobs/548058
Senior Security Engineer,Open Systems AG,"Noida, India",http://stackoverflow.com/jobs/548050
Senior SOC Engineer,Open Systems AG,"Zürich, Switzerland",http://stackoverflow.com/jobs/548049
Python Entwickler*in Remote (f/m/d),Ambient,"Köln, Deutschland",http://stackoverflow.com/jobs/493874
Python Developer (Remote),X-Team,No office location,http://stackoverflow.com/jobs/534454
Data Engineer (Remote),X-Team,No office location,http://stackoverflow.com/jobs/534443
Lead AI Engineer,Singapore Innovate Pte. Ltd,Singapore,http://stackoverflow.com/jobs/560743
DevSecOps Consultant,Ensign InfoSecurity (Cybersecurity) Pte Ltd,Singapore,http://stackoverflow.com/jobs/534274
Staff Software Engineer,BillionToOne,"Menlo Park, CA",http://stackoverflow.com/jobs/565619
Senior Java Software Developer,Genesys,No office location,http://stackoverflow.com/jobs/547957
System Architect,Tucows,No office location,http://stackoverflow.com/jobs/560728
Senior Flink/Druid Software Engineer,Genesys,No office location,http://stackoverflow.com/jobs/547941
Senior Kafka Messaging Software Engineer,Genesys,No office location,http://stackoverflow.com/jobs/547923
Build/Release Engineer,Tausight,No office location,http://stackoverflow.com/jobs/556779
Senior Software Engineer (Risk Management),tastyworks,"Chicago, IL",http://stackoverflow.com/jobs/556772
Software Engineer - Docker Images & Community,Canonical,No office location,http://stackoverflow.com/jobs/534266
Senior DevOps Engineer,"Comscore, Inc.",No office location,http://stackoverflow.com/jobs/556770
System Engineer (f/m/d) Kubernetes,ADITION technologies AG,"Freiburg im Breisgau, Deutschland",http://stackoverflow.com/jobs/525462
Data Center Engineer (Greater Boston Area),Canonical,"Boston, MA",http://stackoverflow.com/jobs/556753
Senior DevOps Engineer Consultant |  Full-time or Contract | Remote,Copado Strategic Services,No office location,http://stackoverflow.com/jobs/517961
Senior Software Engineer,Administrate,No office location,http://stackoverflow.com/jobs/522941
Senior Software Engineer,Administrate,No office location,http://stackoverflow.com/jobs/522940
Senior Software Engineer,Administrate,"Edinburgh, UK",http://stackoverflow.com/jobs/522939
Senior Fullstack Engineer,Revieve Oy,No office location,http://stackoverflow.com/jobs/560693
"Site Reliability Engineer, Video Infrastructure",ByteDance,Singapore,http://stackoverflow.com/jobs/547753
"Backend Software Engineer, Video Infrastructure",ByteDance,Singapore,http://stackoverflow.com/jobs/547751
Solutions Architect | Senior Consultant | DevOps | Remote,Copado Strategic Services,No office location,http://stackoverflow.com/jobs/517847
Senior DevOps Practitioner,MITRE,"McLean, VA",http://stackoverflow.com/jobs/514496
Senior Microsoft Azure Cloud Engineer,MITRE,"McLean, VA",http://stackoverflow.com/jobs/514492
"Senior Support & Software Engineer, NY Metro Area (AMERICAS)",Canonical,No office location,http://stackoverflow.com/jobs/534711
"Senior Support & Software Engineer, Tokyo (Remote)",Canonical,No office location,http://stackoverflow.com/jobs/534042
"Cloud Operations Engineer, APAC",Canonical,No office location,http://stackoverflow.com/jobs/526213
Embedded Software Development Engineer,Baker Hughes,"Groby, UK",http://stackoverflow.com/jobs/560598
Backend Developer,Octopus Energy,"London, UK",http://stackoverflow.com/jobs/197943
Werkstudent Software Engineering Data & ML (m/w/d),QuantCo,"Karlsruhe, Deutschland",http://stackoverflow.com/jobs/328986
Data Scientist (m/w/d) mit Schwerpunkt mathematische Modellierung,NETZSCH Process Intelligence GmbH,"Selb, Deutschland",http://stackoverflow.com/jobs/565605
Fullstack Software Engineer (m/w/d),NETZSCH Process Intelligence GmbH,"Selb, Deutschland",http://stackoverflow.com/jobs/565604
Data Scientist (m/w/d),NETZSCH Process Intelligence GmbH,"Selb, Deutschland",http://stackoverflow.com/jobs/565602
Data Analytics Strategist – HConnect (f/m/d),HeidelbergCement AG,"Heidelberg, Deutschland",http://stackoverflow.com/jobs/546689
Software Engineer,Slimmer AI,"Amsterdam, Netherlands",http://stackoverflow.com/jobs/552562
"Backend Tech Lead, Customer Service Platform",ByteDance,Singapore,http://stackoverflow.com/jobs/546681
Senior IIoT Software Architect (m/f/d),Wiferion GmbH,"Freiburg im Breisgau, Deutschland",http://stackoverflow.com/jobs/565598
Site Reliability Engineer - Terraform,SpotMe,No office location,http://stackoverflow.com/jobs/308372
Operations Engineer / Linux Administrator (m/f/d),AnyDesk Software GmbH,"Stuttgart, Deutschland",http://stackoverflow.com/jobs/565597
Software Test Automation Specialist (m/w/x),ZEISS Group,"München, Deutschland",http://stackoverflow.com/jobs/541069
Test Process and Module Engineer (Platform),Intel Corporation,"George Town, Malaysia",http://stackoverflow.com/jobs/552555
Software Integration AI Engineer,Intel Corporation,"George Town, Malaysia",http://stackoverflow.com/jobs/552554
Ecosystems Software Engineer,Intel Corporation,"George Town, Malaysia",http://stackoverflow.com/jobs/552553
Software Engineer,Intel Corporation,"Shanghai, China",http://stackoverflow.com/jobs/540589
Sr. Data Engineer - #12 of Top-100 Marketplaces,StyleSeat,No office location,http://stackoverflow.com/jobs/525037
Senior iOS engineer - ux + video,SmileDirectClub,No office location,http://stackoverflow.com/jobs/546573
Senior .Net Engineer,Pinnacle Solutions Group,"Charlotte, NC",http://stackoverflow.com/jobs/546564
Senior Full Stack Engineer,Versatile Natures,"Tel Aviv-Yafo, Israel",http://stackoverflow.com/jobs/513775
"Senior Data Engineer, People Analytics (f/m/d)",Delivery Hero SE,"Berlin, Germany",http://stackoverflow.com/jobs/566147
Senior Data Engineer,Supermetrics Oy,"Helsinki, Finland",http://stackoverflow.com/jobs/546539
Linux Developer Experience Lead,Canonical,No office location,http://stackoverflow.com/jobs/565542
Java Software Engineer,IMC Trading,"Amsterdam, Netherlands",http://stackoverflow.com/jobs/122570
Senior Software Development Engineer in Test (SDET),Creative Assembly,"Horsham, UK",http://stackoverflow.com/jobs/513451
C++ Software Engineer - Amsterdam,IMC Trading,"Amsterdam, Netherlands",http://stackoverflow.com/jobs/126614
"Mathematiker, Physiker, Ing. Luft- und Raumfahrttech., Maschinenbau o.ä. (w/m/d)",Deutsches Zentrum für Luft- und Raumfahrt e. V. (DLR),"Göttingen, Deutschland",http://stackoverflow.com/jobs/566144
Junior Software Engineer im Firmenübergreifenden Trainee-Programm (100%),M&F Engineering AG,"Weiningen, Schweiz",http://stackoverflow.com/jobs/233263
Backend Engineer - Remote/On-Site,eLearning Industry,"Athens, Greece",http://stackoverflow.com/jobs/566140
"Backend Software Engineer, Customer Service Platform",ByteDance,Singapore,http://stackoverflow.com/jobs/529048
Site Reliability Engineer,Flow Traders,"Amsterdam, Netherlands",http://stackoverflow.com/jobs/381007
Build Engineer - New Sci-Fi FPS IP,Creative Assembly,"Horsham, UK",http://stackoverflow.com/jobs/566137
Software Engineer (Python Data Stack) (m/f/d),QuantCo,"Karlsruhe, Germany",http://stackoverflow.com/jobs/349976
Software Engineer (Backend) (m/f/d),QuantCo,"Berlin, Germany",http://stackoverflow.com/jobs/409511
"Tech Lead Engineering Manager, Trust and Safety Engineering",ByteDance,Singapore,http://stackoverflow.com/jobs/546397
Backend Software Engineer - Trust and Safety Engineering,ByteDance,Singapore,http://stackoverflow.com/jobs/546396
Senior DevOps Engineer,Higher Logic,"Arlington, VA",http://stackoverflow.com/jobs/529128
Senior ML Engineer,Amaris.AI,Singapore,http://stackoverflow.com/jobs/533811
Senior Infra and DevSecOps Engineer,Amaris.AI,Singapore,http://stackoverflow.com/jobs/533810
Senior Information Security Analyst- 1 year Contract - Remote,Tucows,No office location,http://stackoverflow.com/jobs/522324
Manager - Data Reliability Engineer,McDonald's Corporation,"Chicago, IL",http://stackoverflow.com/jobs/556557
Senior DevOps Engineer,Zenjob,"Berlin, Germany",http://stackoverflow.com/jobs/552356
"Data Architect, Data Platform",Flyr Inc,"Los Angeles, CA",http://stackoverflow.com/jobs/529117
DevOps Engineer,Flyr Inc,No office location,http://stackoverflow.com/jobs/522896
"Informatiker/in, Ingenieur/in, Physiker/in, Mathematiker/in o. ä. (w/m/d)",Deutsches Zentrum für Luft- und Raumfahrt e. V. (DLR),"Darmstadt, Deutschland",http://stackoverflow.com/jobs/566125
Senior Developer,American Logistics,No office location,http://stackoverflow.com/jobs/522889
Software Engineer II,"Comscore, Inc.","Portland, OR",http://stackoverflow.com/jobs/556548
Sr Security Engineer,"Comscore, Inc.","Reston, VA",http://stackoverflow.com/jobs/556547
Senior Solution Engineer (m/w/d) - Cloud Azure Expert,Deloitte Deutschland,"Düsseldorf, Deutschland",http://stackoverflow.com/jobs/533755
Solution Engineer (m/w/d) - Cloud AWS,Deloitte Deutschland,"Düsseldorf, Deutschland",http://stackoverflow.com/jobs/533754
Solution Engineer (m/w/d) - Cloud Azure,Deloitte Deutschland,"Düsseldorf, Deutschland",http://stackoverflow.com/jobs/533750
(Senior) Frontend Engineer (m/w/d) - Trufa,Deloitte Deutschland,"Düsseldorf, Deutschland",http://stackoverflow.com/jobs/533749
Softwareentwickler* Autonomes Fahren Level 3,EDAG Group,"Lindau (Bodensee), Deutschland",http://stackoverflow.com/jobs/566120
Software Developer (künstliche Intelligenz) - für E-Commerce Agentur in Bremen,hmmh multimediahaus AG,No office location,http://stackoverflow.com/jobs/529059
DevOps Engineer with interesting scale up challenges,Channable,"Utrecht, Netherlands",http://stackoverflow.com/jobs/500253
Frontend Developer,Octopus Energy,"London, UK",http://stackoverflow.com/jobs/533659
Backend Developer - APIs Team,Octopus Energy,"London, UK",http://stackoverflow.com/jobs/533658
Data Scientist (d/m/w),DEVK Versicherungen,"Köln, Deutschland",http://stackoverflow.com/jobs/533653
Senior Software Engineer / Ruby or Elixir/ Remote,The RealReal,No office location,http://stackoverflow.com/jobs/522850
Python Developer,Risk Focus,No office location,http://stackoverflow.com/jobs/552173
Senior Go Lang Developer | Contractor | Remote,Copado Strategic Services,No office location,http://stackoverflow.com/jobs/552166
Experienced Backend Engineer - Java,"TheoremOne, LLC",No office location,http://stackoverflow.com/jobs/566085
Sr. Full Stack Engineer- Python,AutoTrader,"Toronto, ON, Canada",http://stackoverflow.com/jobs/529021
Data Scientist,AutoTrader,"Toronto, ON, Canada",http://stackoverflow.com/jobs/529015
Software Developer,Academic Analytics,No office location,http://stackoverflow.com/jobs/566108
Data Analyst (Canada Remote),Fullscript,No office location,http://stackoverflow.com/jobs/566103
Full Stack Developer,Rakettitiede,"Helsinki, Finland",http://stackoverflow.com/jobs/522743
Software Engineer,SUSE,No office location,http://stackoverflow.com/jobs/514397
Full Stack Developer,BOTS by RevenYOU,"Haarlem, Netherlands",http://stackoverflow.com/jobs/533368
Python Data Engineer,Tech City Labs,"Reading, UK",http://stackoverflow.com/jobs/566099
"Python Software Engineer (Linux, Security)",diconium group,"Stuttgart, Deutschland",http://stackoverflow.com/jobs/556429
Senior Cloud Software Engineer,Intel Corporation,"Shanghai, China",http://stackoverflow.com/jobs/540182
Senior Backend Engineer,Leaf Logistics,No office location,http://stackoverflow.com/jobs/201671
Praktikant (m/w/d) Data Analytics,ING Deutschland,"Frankfurt am Main, Deutschland",http://stackoverflow.com/jobs/556419
Developer Advocate,Supermetrics Oy,"Helsinki, Finland",http://stackoverflow.com/jobs/566093
LEAD INSTRUCTOR - DATA SCIENCE,WBS Gruppe,No office location,http://stackoverflow.com/jobs/566091
Lead Java/Big Data Software Developer,Genesys,No office location,http://stackoverflow.com/jobs/552044
Sr. Director SRE,Genesys,No office location,http://stackoverflow.com/jobs/552041
Staff Machine Learning Engineer - REMOTE,The RealReal,"Remote, OR",http://stackoverflow.com/jobs/552039
Senior Data Engineer,Revance,"Pleasanton, CA",http://stackoverflow.com/jobs/525879
Site Reliability Engineering Manager,Canonical,No office location,http://stackoverflow.com/jobs/533163
Senior Software Engineer - Linux Engineering,Canonical,No office location,http://stackoverflow.com/jobs/540018
iOS Engineer,NOCD,"Chicago, IL",http://stackoverflow.com/jobs/512343
Senior Cloud Infrastructure Engineer - OPEN TO REMOTE,The RealReal,"San Francisco, CA",http://stackoverflow.com/jobs/552029
Senior Full Stack Engineer,NOCD,"Chicago, IL",http://stackoverflow.com/jobs/512069
Senior Backend Engineer,Pollen,"London, UK",http://stackoverflow.com/jobs/522622
System Engineer (m/w/d) Kubernetes/OpenShift,German Edge Cloud GmbH & Co. KG,"Limburg an der Lahn, Deutschland",http://stackoverflow.com/jobs/539732
"Software Engineer (Product Infrastructure), TikTok e-Commerce",ByteDance,Singapore,http://stackoverflow.com/jobs/533135
Python Developer suchen Kollegen (m/w/d),solute GmbH,"Karlsruhe, Deutschland",http://stackoverflow.com/jobs/284443
"Testing Software Engineer, TikTok e-Commerce",ByteDance,Singapore,http://stackoverflow.com/jobs/533132
McCloud HPC Expert,DUG Technology,"West Perth, Australia",http://stackoverflow.com/jobs/396027
(Senior) Android Software Developer - Munich,Paradox Cat GmbH,"München, Deutschland",http://stackoverflow.com/jobs/181583
Cloud Automation Engineer (m/w/d),Mimacom,"Stuttgart, Deutschland",http://stackoverflow.com/jobs/551994
Head of Scientific Computing (m/f/div),Max Planck Institute for Neurobiology of Behavior – caesar,"Bonn, Deutschland",http://stackoverflow.com/jobs/566074
Senior Backend Developer (f/m/d),HOMELIKE INTERNET GmbH,"Köln, Deutschland",http://stackoverflow.com/jobs/522556
"Cloud Operations Engineer, Americas",Canonical,No office location,http://stackoverflow.com/jobs/522545
"Senior Software Engineer, Javascript",Versus Systems,No office location,http://stackoverflow.com/jobs/556182
Full-Stack Senior Developer,AudioValley,"Paris, France",http://stackoverflow.com/jobs/566062
Site Reliability Engineer,HomeStars,No office location,http://stackoverflow.com/jobs/560072
(Senior) Java Software Engineer | Gdansk,Dynatrace,"Gdańsk, Poland",http://stackoverflow.com/jobs/560068
DevOps Cloud Engineer (Kubernetes) - Remote,IG Group,No office location,http://stackoverflow.com/jobs/532885
Full Stack Web Developer (m/w/d),solute GmbH,"Karlsruhe, Deutschland",http://stackoverflow.com/jobs/556141
DevOps Engineer (m/w/d),solute GmbH,"Karlsruhe, Deutschland",http://stackoverflow.com/jobs/556140
Azure BI Technical Architect,BigChange Ltd,No office location,http://stackoverflow.com/jobs/532866
Fullstack Developer (m/w/d),German Edge Cloud GmbH & Co. KG,"Limburg an der Lahn, Deutschland",http://stackoverflow.com/jobs/539736
Technical Specialist - System Services,Derivco.,"Umhlanga, South Africa",http://stackoverflow.com/jobs/528648
Intermediate Observability Engineer,Derivco.,"Umhlanga, South Africa",http://stackoverflow.com/jobs/528647
Fullstack Cloud Engineer (Python/React/AWS),Montash,No office location,http://stackoverflow.com/jobs/556128
Software Engineer - Backend (d/f/m),Stylight,"München, Deutschland",http://stackoverflow.com/jobs/566055
"Software-Entwickler / Developer (w/m/d) Java, Python, UiPath - Operation Support",Daimler Group Services Berlin,"Berlin, Deutschland",http://stackoverflow.com/jobs/566052
Software Engineer (Monitoring System) - Working in Japan,LINE Fukuoka,"Fukuoka, Japan",http://stackoverflow.com/jobs/273841
Senior DevOps Engineer (f/m/x),PPRO,"München, Germany",http://stackoverflow.com/jobs/565334
Data Architect mit einem Flair für AI,ti&m AG,"Zürich, Schweiz",http://stackoverflow.com/jobs/522399
DevOps- Engineer (m/w/d),Volume Graphics GmbH,"Heidelberg, Deutschland",http://stackoverflow.com/jobs/545615
"Cloud Engineer (Azure, Google Cloud Platform, AWS)",ti&m AG,"Bern, Schweiz",http://stackoverflow.com/jobs/522337
Cloud Data Architect mit Flair für AI,ti&m AG,"Bern, Schweiz",http://stackoverflow.com/jobs/522336
"Cloud Engineer (Azure, Google Cloud Platform, AWS)",ti&m AG,"Zürich, Schweiz",http://stackoverflow.com/jobs/522303
Experienced Data Engineer,Accenture Romania,"Bucharest, Romania",http://stackoverflow.com/jobs/525561
"Engineering Experience, Senior Software Engineer (Remote)",Hotjar,No office location,http://stackoverflow.com/jobs/528857
Systemadministrator (w/m/d) für Linux-Server und -Arbeitsplatzrechner,energy & meteo systems GmbH,"Oldenburg, Deutschland",http://stackoverflow.com/jobs/565377
Software Engineer - Robotics (m/f/d),Motius GmbH,"München, Deutschland",http://stackoverflow.com/jobs/545488
"Senior Developer for Cloud Technologies (Kafka, Flink, Terraform)",reeeliance IM GmbH,"Hamburg, Deutschland",http://stackoverflow.com/jobs/517848
"Junior Developer for Cloud Technologies (Kafka, Flink, Terraform)",reeeliance IM GmbH,"Hamburg, Deutschland",http://stackoverflow.com/jobs/516858
Software Development Engineer in Test,Intel Corporation,"Bengaluru, India",http://stackoverflow.com/jobs/539336
Senior Software Engineer,Intel Corporation,"Bengaluru, India",http://stackoverflow.com/jobs/539300
Edge AI Deep Learning Validation Engineer,Intel Corporation,"Bengaluru, India",http://stackoverflow.com/jobs/539297
Full Stack Lead/Architect (Sr. Deep Learning R and D Engineer),Intel Corporation,"Bengaluru, India",http://stackoverflow.com/jobs/539294
Graphics SRIOV Virtualization Developer,Intel Corporation,"Bengaluru, India",http://stackoverflow.com/jobs/539293
Python Software Engineer,Captivation Software,"Fort Meade, MD",http://stackoverflow.com/jobs/525426
Senior DevOps Engineer,Ascensus,No office location,http://stackoverflow.com/jobs/525432
Software Defined Radio Developer,Captivation Software,"Aberdeen Proving Ground, MD",http://stackoverflow.com/jobs/316048
Python Software Engineer (Quant Trading Firm),"Old Mission Capital, LLC","Chicago, IL",http://stackoverflow.com/jobs/528807
C++ Software Engineer,"Old Mission Capital, LLC","Chicago, IL",http://stackoverflow.com/jobs/528806
DevOps Engineer (m/w/d),CIS Solutions GmbH,"Ismaning, Deutschland",http://stackoverflow.com/jobs/371069
Senior Software Engineer,Avature,No office location,http://stackoverflow.com/jobs/565333
"Backend Software Engineer, DevOps",Avature,No office location,http://stackoverflow.com/jobs/565332
Qt C++ SDK Software Development Engineer,Esri,"Redlands, CA",http://stackoverflow.com/jobs/561049
"Sr. Software Engineer, Machine Learning Infrastructure",Chan Zuckerberg Initiative,"Redwood City, CA",http://stackoverflow.com/jobs/565330
Network Software Engineer,Intel Corporation,"Bengaluru, India",http://stackoverflow.com/jobs/539257
Software Engineering Manager,Intel Corporation,"Bengaluru, India",http://stackoverflow.com/jobs/539256
(Senior) Full-Stack Web Developer - React | Typescript | Python | Kubernetes,Dynatrace,"Wien, Austria",http://stackoverflow.com/jobs/559763
Principal Java Engineer,Picnic,"Amsterdam, Netherlands",http://stackoverflow.com/jobs/559762
DevOps Engineer,Picnic,"Amsterdam, Netherlands",http://stackoverflow.com/jobs/166839
Software Developer (Python),Picnic,"Amsterdam, Netherlands",http://stackoverflow.com/jobs/292346
AI Solutions Architect,Intel Corporation,"Bengaluru, India",http://stackoverflow.com/jobs/539246
Senior DevOps Engineer,AIR MILES,"Toronto, ON, Canada",http://stackoverflow.com/jobs/539243
Software Engineer - Networking Applications,Intel Corporation,"Bengaluru, India",http://stackoverflow.com/jobs/539242
Senior Python/Django Full-stack Developer,Apicbase Belgium,No office location,http://stackoverflow.com/jobs/545356
Application Support Engineer,Derivco.,"Málaga, Spain",http://stackoverflow.com/jobs/565319
Product Manager – Business Intelligence (m/w/d),Basler AG,"Ahrensburg, Deutschland",http://stackoverflow.com/jobs/565318
Web Systems Engineer - HPC Products,DUG Technology,"West Perth, Australia",http://stackoverflow.com/jobs/528138
Front End Software Engineer – HPC Products,DUG Technology,"West Perth, Australia",http://stackoverflow.com/jobs/528137
Scientific Applications Developer,DownUnder GeoSolutions Pty Ltd,"West Perth, Australia",http://stackoverflow.com/jobs/352726
Senior Software Engineer - tripleup.com,Triple for Numo,"Pittsburgh, PA",http://stackoverflow.com/jobs/545291
Product Engineer I - Real Time & Big Data,Esri,"Redlands, CA",http://stackoverflow.com/jobs/566044
DevOps Engineer,Esri,"Redlands, CA",http://stackoverflow.com/jobs/566039
Site Reliability Engineer- ArcGIS Online,Esri,"Redlands, CA",http://stackoverflow.com/jobs/552702
Process Engineering Graduate Intern,Intel Corporation,"Albuquerque, NM",http://stackoverflow.com/jobs/531835
Process Engineering Graduate Intern,Intel Corporation,"Albuquerque, NM",http://stackoverflow.com/jobs/531834
Software Engineer in Test,Esri,"Redlands, CA",http://stackoverflow.com/jobs/561053
Cloud Field Engineer - Americas,Canonical,No office location,http://stackoverflow.com/jobs/566035
"Senior Developer (React, Node.js) (m/f/d)",Ziegert EverEstate GmbH,"Berlin, Deutschland",http://stackoverflow.com/jobs/394267
Infrastructure Engineer,Catawiki,"Amsterdam, Netherlands",http://stackoverflow.com/jobs/566030
Data Engineer (m/w/d) | The Garage,Deloitte Deutschland,"Düsseldorf, Deutschland",http://stackoverflow.com/jobs/545256
(Senior) Backend Engineer (m/w/d) - Trufa,Deloitte Deutschland,"Düsseldorf, Deutschland",http://stackoverflow.com/jobs/545254
DevOps Engineer (m/w/d) | The Garage,Deloitte Deutschland,"Düsseldorf, Deutschland",http://stackoverflow.com/jobs/545252
"Experienced DevOps Consultant, GitLab/GitHub",Eficode Finland,"Helsinki, Finland",http://stackoverflow.com/jobs/559636
Site Reliability Engineering Lead (Remote),Hotjar,No office location,http://stackoverflow.com/jobs/545198
Administrator / Systembetreuer Python (w/m/d),energy & meteo systems GmbH,"Oldenburg, Deutschland",http://stackoverflow.com/jobs/565266
Platform Engineer,Octopus Energy,"Houston, TX",http://stackoverflow.com/jobs/531787
Full Stack Developer (m/f/d) – Product Team,Boehringer Ingelheim,"Wien, Österreich",http://stackoverflow.com/jobs/566017
Full-Stack Software Engineer (C# + .NET 6 / React + Typescript) (f/m/d),HeidelbergCement AG,"Heidelberg, Deutschland",http://stackoverflow.com/jobs/559624
Junior Backend Engineer (m/f/d),Relayr,"Katowice, Poland",http://stackoverflow.com/jobs/551592
"DevOps Engineer für Softwareentwicklung, z. B. Informatiker (w/m/d)",emsys grid services GmbH,"Oldenburg, Deutschland",http://stackoverflow.com/jobs/565260
Machine Learning Technical Lead - E-commerce Risk Management,ByteDance,Singapore,http://stackoverflow.com/jobs/525174
Applied Researcher 1 - Ads,eBay,"San Francisco, CA",http://stackoverflow.com/jobs/566005
Senior Test Automation Engineer (f/m/d),Evotec SE,"Göttingen, Germany",http://stackoverflow.com/jobs/561035
"Software Developers for our offices in Berlin, Hamburg, Göttingen or Abingdon",Evotec SE,"Hamburg, Germany",http://stackoverflow.com/jobs/524299
"Senior Software Developer/Team Leader in Berlin, Hamburg, Göttingen or Abingdon",Evotec SE,"Berlin, Germany",http://stackoverflow.com/jobs/550234
Senior React Developer | Contractor | Remote,Copado Strategic Services,No office location,http://stackoverflow.com/jobs/545086
"Artificial Intelligence / Machine Learning, Lead",MITRE,"McLean, VA",http://stackoverflow.com/jobs/522061
Hyperscale Cloud Developer Advocate,Intel Corporation,"Hillsboro, OR",http://stackoverflow.com/jobs/528557
Cloud Software Performance Engineer,Intel Corporation,"Hillsboro, OR",http://stackoverflow.com/jobs/528554
Software-Entwickler/-innen (m/w/d) als Referentinnen/Referenten,Bundesamt für Verfassungsschutz,"Köln, Deutschland",http://stackoverflow.com/jobs/564679
Senior Software Engineer - App Store APIs,Canonical,No office location,http://stackoverflow.com/jobs/551466
Backend developer (Python/Django) with a passion for open source,5 Monkeys Agency ABvia5 Monkeys Agency AB,"Stockholm, Sweden",http://stackoverflow.com/jobs/565994
Backend developer (Python/Django) with a passion for open source,5 Monkeys Agency ABvia5 Monkeys Agency AB,"Göteborg, Sweden",http://stackoverflow.com/jobs/565993
Senior Data Engineer - Recommendations (f/m/d),Delivery Hero SE,"Berlin, Germany",http://stackoverflow.com/jobs/565991
Test Automation Engineer,AE nv/sa,"Dilbeek, Belgium",http://stackoverflow.com/jobs/525138
Software Development Engineer in Test,"ESO Solutions, Inc.","Belfast, UK",http://stackoverflow.com/jobs/528503
Lead/Senior Software Engineer (Python/Django),Sector Labs,"Dubai, United Arab Emirates",http://stackoverflow.com/jobs/551454
Software Engineer – React,LifeOmic,"Indianapolis, IN",http://stackoverflow.com/jobs/519007
"Senior Software Engineer – AWS, NodeJS, Serverless",LifeOmic,"Indianapolis, IN",http://stackoverflow.com/jobs/519002
Software-Entwickler Web-Techologie (m/w/d),PLATO AG,"Dortmund, Deutschland",http://stackoverflow.com/jobs/564535
C++ Software Engineer (100% remote),Percona Staffing LLC,No office location,http://stackoverflow.com/jobs/565985
"Software Developer, Security",Hotjar,No office location,http://stackoverflow.com/jobs/544779
Machine Learning Engineer (m/f/x),ING Deutschland,"Frankfurt am Main, Deutschland",http://stackoverflow.com/jobs/565982
Développeur Elm/Typescript React/Angular (F/H),Thegreendata,"Paris, France",http://stackoverflow.com/jobs/528472
Test Engineer Connected Car (m/w/d),Pixida GmbH,"München, Deutschland",http://stackoverflow.com/jobs/564480
Software Allrounder (m/f/d),AnyDesk Software GmbH,"Stuttgart, Deutschland",http://stackoverflow.com/jobs/564248
